order_id,customer_id,order_date,amount,status,channel
50000,83,2024-05-10,232.83,refunded,store
50001,117,2025-10-23,90.53,completed,web
50002,24,2024-12-15,194.55,completed,store
50003,20,2024-04-13,55.94,refunded,store
50004,5,2025-09-24,23.03,completed,web
50005,89,2024-06-18,76.5,completed,mobile
50006,31,2025-09-17,15.69,pending,web
50007,31,2025-04-25,113.39,refunded,store
50008,57,2024-10-15,123.45,pending,store
50009,105,2025-09-11,27.03,refunded,web
50010,48,2024-04-15,103.21,completed,web
50011,98,2025-04-05,9.96,completed,mobile
50012,114,2024-01-28,44.45,completed,web
50013,11,2024-01-29,40.71,refunded,mobile
50014,102,2024-02-09,8.8,refunded,mobile
50015,98,2025-04-04,325.92,completed,web
50016,107,2025-09-15,57.14,completed,web
50017,16,2025-03-05,93.43,completed,web
50018,116,2025-07-02,35.18,pending,web
50019,46,2025-03-02,13.81,cancelled,store
50020,9,2025-07-11,136.42,cancelled,web
50021,112,2025-10-12,41.96,refunded,web
50022,101,2024-09-03,136.15,cancelled,mobile
50023,43,2024-12-26,78.24,completed,mobile
50024,88,2025-05-05,151.27,completed,mobile
50025,59,2024-07-25,429.36,cancelled,web
50026,5,2024-07-14,5.68,completed,store
50027,43,2025-01-11,46.84,pending,store
50028,50,2024-07-10,54.0,cancelled,web
50029,11,2024-03-21,28.23,completed,web
50030,85,2025-04-01,70.86,refunded,web
50031,58,2024-12-27,73.43,refunded,store
50032,8,2025-10-14,41.23,refunded,mobile
50033,4,2025-09-14,86.68,completed,web
50034,100,2025-01-05,36.79,cancelled,web
50035,58,2025-01-15,49.97,completed,mobile
50036,51,2024-10-12,36.17,refunded,web
50037,67,2025-07-29,79.74,cancelled,web
50038,118,2024-07-23,27.38,pending,store
50039,104,2024-11-23,126.8,cancelled,mobile
50040,115,2024-06-10,144.5,cancelled,web
50041,26,2024-08-30,61.86,cancelled,web
50042,114,2024-11-12,32.31,pending,mobile
50043,99,2025-08-11,79.63,refunded,mobile
50044,17,2025-07-18,70.05,completed,web
50045,117,2024-05-07,56.71,completed,web
50046,91,2025-06-15,20.16,cancelled,web
50047,81,2025-06-30,10.47,cancelled,store
50048,20,2025-10-01,123.32,cancelled,web
50049,,2025-10-18,93.45,completed,mobile
50050,54,2024-02-01,54.18,completed,mobile
50051,39,2025-02-19,39.7,completed,web
50052,54,2024-07-27,41.59,refunded,web
50053,111,2025-02-12,23.21,cancelled,web
50054,31,2024-09-30,50.12,completed,web
50055,50,2025-03-04,26.11,cancelled,mobile
50056,25,2025-05-25,163.98,completed,store
50057,65,2024-09-03,28.73,completed,web
50058,77,2025-10-31,77.65,completed,mobile
50059,56,2024-09-27,222.49,completed,web
50060,7,2024-07-18,41.19,pending,mobile
50061,98,2025-09-30,73.59,completed,web
50062,102,2025-07-25,22.33,cancelled,web
50063,5,2024-12-07,137.3,completed,mobile
50064,66,2025-09-19,35.31,cancelled,mobile
50065,39,2025-06-03,151.96,refunded,mobile
50066,61,2025-01-12,41.41,pending,mobile
50067,102,2025-10-06,14.68,refunded,mobile
50068,100,2024-08-21,118.53,completed,mobile
50069,93,2025-01-24,10.93,completed,mobile
50070,90,2024-01-20,47.09,pending,mobile
50071,53,2025-09-18,78.79,completed,mobile
50072,72,2025-11-09,51.9,completed,web
50073,69,2024-12-28,379.08,refunded,mobile
50074,89,2025-05-10,30.1,cancelled,web
50075,39,2024-07-31,93.96,pending,web
50076,120,2024-10-07,26.43,cancelled,web
50077,51,2024-05-29,35.55,refunded,web
50078,119,2024-09-19,86.39,cancelled,web
50079,72,2024-05-20,117.1,completed,web
50080,53,2025-04-28,156.8,pending,web
50081,26,2024-10-21,26.14,completed,mobile
50082,30,2024-02-08,113.35,completed,store
50083,5,2025-02-10,91.47,refunded,store
50084,119,2024-02-08,61.85,completed,store
50085,60,2024-04-25,21.8,refunded,web
50086,,2024-10-29,82.04,completed,mobile
50087,82,2025-03-13,55.95,refunded,web
50088,18,2024-09-11,17.0,pending,mobile
50089,43,2025-08-09,73.68,completed,web
50090,21,2025-05-29,194.51,refunded,store
50091,38,2024-08-14,34.03,completed,web
50092,78,2025-07-16,180.28,cancelled,store
50093,11,2025-06-24,75.36,cancelled,web
50094,107,2025-06-01,21.38,completed,web
50095,67,2025-11-27,19.48,completed,store
50096,58,2025-04-09,21.8,cancelled,web
50097,60,2024-11-11,93.6,completed,mobile
50098,75,2025-03-09,42.86,completed,store
50099,9,2025-04-28,17.2,completed,mobile
50100,94,2025-03-06,10.13,pending,store
50101,117,2024-03-23,120.04,cancelled,web
50102,111,2024-07-01,178.41,completed,mobile
50103,29,2024-01-24,200.2,refunded,mobile
50104,69,2024-08-23,31.09,completed,web
50105,113,2024-04-25,756.14,completed,web
50106,9,2024-02-04,43.03,completed,web
50107,6,2024-08-27,69.13,completed,web
50108,38,2025-08-12,28.31,refunded,mobile
50109,31,2024-05-26,45.88,cancelled,store
50110,113,2024-06-28,75.24,pending,web
50111,45,2025-11-18,37.92,refunded,web
50112,20,2024-07-07,110.46,completed,web
50113,91,2025-04-19,217.45,pending,mobile
50114,18,2024-09-18,16.05,pending,mobile
50115,12,2024-07-14,19.11,cancelled,mobile
50116,112,2025-08-24,114.6,pending,web
50117,117,2024-01-16,32.5,refunded,web
50118,97,2024-09-05,143.02,pending,store
50119,71,2024-10-16,37.59,completed,web
50120,47,2025-05-24,42.46,refunded,web
50121,108,2024-07-27,39.58,cancelled,store
50122,95,2024-09-24,65.82,refunded,web
50123,20,2024-08-23,19.08,pending,mobile
50124,88,2025-05-15,53.71,completed,web
50125,93,2024-07-07,205.97,refunded,store
50126,68,2024-03-17,105.21,refunded,web
50127,91,2024-08-11,55.33,cancelled,mobile
50128,120,2025-05-09,59.13,completed,mobile
50129,36,2024-10-20,202.2,completed,web
50130,13,2024-09-03,21.14,completed,web
50131,51,2025-02-19,50.45,refunded,web
50132,88,2024-03-23,265.38,completed,web
50133,49,2025-05-02,20.94,pending,mobile
50134,43,2024-04-07,104.3,completed,web
50135,10,2024-10-14,207.26,completed,web
50136,109,2024-07-31,91.13,refunded,mobile
50137,119,2024-06-15,67.71,pending,mobile
50138,70,2024-05-23,213.46,completed,mobile
50139,45,2025-03-23,35.78,cancelled,mobile
50140,77,2024-11-30,21.24,pending,web
50141,46,2025-01-19,40.03,refunded,web
50142,99,2024-09-09,76.59,completed,web
50143,101,2025-02-02,40.48,completed,store
50144,57,2024-10-03,43.5,cancelled,web
50145,4,2025-07-21,12.48,completed,store
50146,2,2025-02-01,239.72,cancelled,store
50147,32,2024-06-22,75.59,completed,web
50148,64,2024-06-20,46.31,pending,mobile
50149,47,2024-09-09,103.43,cancelled,web
50150,14,2024-01-07,145.48,cancelled,web
50151,111,2024-12-08,30.77,refunded,store
50152,18,2025-09-09,143.26,refunded,mobile
50153,74,2024-11-29,20.39,pending,web
50154,120,2025-08-29,6.73,refunded,web
50155,109,2025-02-22,73.19,completed,web
50156,85,2025-03-09,86.07,cancelled,web
50157,52,2025-03-04,74.0,completed,mobile
50158,104,2025-10-15,18.27,completed,mobile
50159,6,2025-10-22,84.02,completed,store
50160,56,2024-04-10,26.6,cancelled,mobile
50161,89,2025-04-01,38.79,refunded,mobile
50162,65,2024-01-26,52.69,completed,web
50163,94,2024-11-15,18.9,cancelled,web
50164,61,2025-04-08,37.44,refunded,web
50165,109,2024-04-21,74.37,refunded,web
50166,23,2024-12-04,446.32,completed,mobile
50167,81,2025-10-17,79.8,refunded,mobile
50168,26,2025-03-15,31.53,completed,web
50169,91,2024-03-05,95.83,cancelled,web
50170,42,2024-04-26,61.07,cancelled,web
50171,51,2024-12-22,36.67,completed,mobile
50172,91,2025-09-21,81.53,completed,web
50173,40,2025-01-17,97.19,pending,mobile
50174,74,2024-07-09,52.35,refunded,store
50175,23,2025-05-16,37.38,pending,mobile
50176,111,2024-01-10,53.1,pending,store
50177,65,2025-02-22,86.56,pending,web
50178,11,2024-08-13,35.94,cancelled,web
50179,100,2025-05-22,59.25,completed,web
50180,70,2025-01-10,70.25,refunded,web
50181,28,2024-04-14,147.47,completed,web
50182,5,2024-12-22,97.09,refunded,mobile
50183,45,2025-09-16,68.86,completed,mobile
50184,105,2024-03-01,67.93,cancelled,mobile
50185,42,2024-10-26,35.9,cancelled,store
50186,87,2024-05-18,100.79,completed,web
50187,92,2024-09-10,177.26,pending,web
50188,81,2025-02-28,44.84,completed,web
50189,96,2025-01-12,47.99,cancelled,web
50190,100,2024-04-05,101.68,refunded,mobile
50191,109,2025-07-01,139.42,completed,mobile
50192,44,2024-05-13,65.85,completed,store
50193,98,2024-04-11,168.47,completed,web
50194,110,2025-04-12,13.55,completed,store
50195,39,2024-10-07,21.6,completed,web
50196,116,2024-02-23,43.92,refunded,mobile
50197,55,2024-04-07,27.33,refunded,web
50198,2,2024-05-03,187.2,completed,web
50199,30,2024-04-14,21.87,completed,web
50200,100,2024-05-16,103.48,completed,mobile
50201,2,2024-06-17,39.86,refunded,mobile
50202,118,2025-03-29,67.49,pending,web
50203,18,2025-10-22,14.05,cancelled,mobile
50204,37,2024-01-28,241.07,completed,web
50205,78,2025-02-05,39.83,completed,web
50206,15,2025-10-15,72.99,completed,store
50207,120,2025-01-31,184.75,completed,mobile
50208,23,2024-03-15,56.03,cancelled,mobile
50209,55,2024-03-25,85.05,completed,web
50210,40,2024-07-27,29.64,refunded,mobile
50211,9,2025-03-23,484.96,completed,web
50212,119,2025-04-09,64.93,refunded,mobile
50213,95,2024-01-13,150.75,completed,web
50214,45,2024-09-22,31.3,completed,mobile
50215,16,2024-01-31,35.82,cancelled,web
50216,92,2025-10-04,17.6,completed,web
50217,110,2025-01-11,318.69,completed,web
50218,501,2024-09-07,19.28,completed,web
50219,110,2025-11-02,45.91,pending,store
50220,41,2024-03-20,61.46,refunded,store
50221,23,2025-06-12,16.86,completed,mobile
50222,40,2025-07-20,49.41,completed,mobile
50223,39,2024-09-05,48.0,pending,store
50224,100,2025-07-13,90.3,completed,store
50225,4,2024-12-20,104.24,completed,store
50226,1,2025-01-20,352.71,completed,web
50227,31,2024-03-02,39.02,completed,store
50228,67,2025-01-16,42.94,cancelled,web
50229,18,2025-02-07,13.01,pending,mobile
50230,17,2024-09-24,21.57,completed,web
50231,35,2024-07-26,49.05,completed,mobile
50232,99,2024-11-11,38.0,completed,web
50233,88,2025-09-09,41.42,completed,store
50234,51,2025-11-24,10.69,completed,web
50235,52,2025-07-23,88.43,pending,web
50236,102,2024-01-13,32.95,pending,web
50237,81,2024-03-27,64.2,completed,web
50238,9,2025-10-23,49.67,completed,web
50239,60,2025-08-10,38.33,pending,web
50240,88,2024-12-28,32.73,completed,web
50241,20,2025-09-26,88.55,pending,web
50242,71,2024-03-30,37.63,completed,mobile
50243,103,2025-10-07,17.56,refunded,web
50244,70,2024-12-18,182.97,pending,web
50245,4,2024-08-12,10.28,pending,mobile
50246,99,2024-08-26,74.58,refunded,web
50247,29,2025-02-01,14.63,completed,web
50248,76,2025-01-02,67.51,completed,mobile
50249,104,2025-05-19,58.82,completed,web
50250,30,2024-01-21,56.75,cancelled,web
50251,17,2024-06-30,251.07,completed,mobile
50252,111,2024-03-15,46.09,completed,web
50253,21,2025-03-23,71.05,cancelled,mobile
50254,119,2024-12-31,20.45,completed,web
50255,94,2024-05-10,108.81,cancelled,web
50256,78,2025-09-18,21.4,pending,web
50257,96,2024-12-21,127.02,completed,web
50258,34,2024-03-10,19.62,refunded,web
50259,50,2025-03-05,53.72,cancelled,web
50260,107,2025-08-14,110.35,completed,web
50261,103,2024-10-28,22.74,pending,web
50262,10,2024-04-05,40.89,cancelled,store
50263,21,2024-12-05,32.13,refunded,mobile
50264,119,2024-09-28,76.2,completed,web
50265,74,2025-05-17,24.77,pending,web
50266,106,2025-09-06,52.89,completed,web
50267,38,2025-04-29,112.7,pending,web
50268,115,2024-04-03,76.54,completed,store
50269,48,2024-02-15,28.64,completed,mobile
50270,73,2025-11-14,9.28,cancelled,web
50271,97,2025-07-20,19.21,cancelled,web
50272,69,2025-05-01,62.72,completed,web
50273,116,2024-02-05,56.31,cancelled,mobile
50274,80,2025-04-04,21.21,refunded,web
50275,106,2025-09-01,41.65,completed,store
50276,67,2024-01-13,165.43,cancelled,mobile
50277,15,2024-05-31,68.9,completed,store
50278,73,2024-10-19,115.45,refunded,web
50279,78,2024-06-25,37.24,cancelled,mobile
50280,52,2024-12-05,73.13,pending,store
50281,115,2024-12-11,106.07,completed,mobile
50282,110,2024-04-10,17.54,completed,web
50283,54,2024-04-01,30.66,pending,mobile
50284,98,2025-01-17,143.41,completed,web
50285,91,2024-05-18,129.01,cancelled,web
50286,25,2024-07-24,105.08,pending,web
50287,47,2024-10-07,38.16,pending,mobile
50288,16,2024-09-04,34.53,completed,store
50289,61,2024-12-24,13.48,completed,mobile
50290,89,2024-01-29,44.81,cancelled,mobile
50291,28,2025-10-24,32.94,refunded,web
50292,3,2025-11-29,93.58,completed,web
50293,78,2024-11-08,158.76,completed,web
50294,49,2025-04-15,27.71,refunded,mobile
50295,80,2024-04-14,68.07,completed,web
50296,14,2024-12-10,111.43,refunded,store
50297,84,2024-06-02,56.44,completed,mobile
50298,103,2025-02-17,113.66,refunded,web
50299,64,2024-09-22,147.9,refunded,web
50300,91,2024-07-13,24.58,refunded,mobile
50301,101,2025-11-18,40.66,completed,mobile
50302,113,2024-10-27,8.7,completed,store
50303,116,2024-04-01,32.41,completed,web
50304,114,2024-09-23,68.9,completed,web
50305,111,2025-08-17,170.17,refunded,web
50306,39,2024-06-03,28.18,pending,store
50307,115,2025-04-13,40.9,pending,web
50308,98,2025-08-13,116.23,completed,web
50309,56,2025-02-17,44.79,completed,web
50310,26,2024-01-15,57.17,completed,mobile
50311,32,2024-12-18,40.23,cancelled,mobile
50312,22,2024-02-16,36.06,refunded,mobile
50313,68,2024-05-17,5.34,completed,mobile
50314,22,2025-02-17,13.37,completed,web
50315,84,2025-01-19,114.18,cancelled,mobile
50316,77,2025-11-08,49.77,completed,web
50317,20,2025-10-07,15.87,completed,mobile
50318,35,2024-05-20,16.99,cancelled,mobile
50319,16,2024-04-18,54.14,completed,mobile
50320,26,2025-02-23,40.02,pending,store
50321,89,2024-12-04,67.61,completed,mobile
50322,10,2024-04-13,287.03,pending,store
50323,38,2024-02-21,26.92,completed,store
50324,47,2024-11-16,48.32,completed,web
50325,18,2024-06-23,5.11,cancelled,web
50326,94,2024-12-16,25.24,pending,web
50327,50,2025-05-04,189.68,completed,web
50328,90,2024-06-12,51.49,pending,web
50329,49,2025-09-18,20.93,completed,web
50330,84,2025-11-25,62.88,refunded,mobile
50331,86,2025-06-15,61.1,completed,web
50332,94,2024-12-20,106.24,completed,mobile
50333,72,2025-09-19,16.13,completed,web
50334,36,2024-08-16,61.47,completed,web
50335,57,2025-04-03,16.48,completed,web
50336,64,2024-01-19,20.37,cancelled,mobile
50337,106,2025-09-10,200.29,refunded,mobile
50338,44,2024-02-25,19.04,cancelled,web
50339,85,2025-04-08,29.49,refunded,store
50340,38,2025-01-17,74.35,completed,web
50341,106,2025-02-23,12.52,completed,web
50342,110,2025-04-13,97.97,completed,web
50343,54,2025-10-10,180.69,pending,web
50344,76,2024-05-17,118.03,pending,mobile
50345,62,2024-06-30,76.59,completed,web
50346,85,2024-11-25,55.13,cancelled,store
50347,98,2025-02-11,50.43,pending,mobile
50348,114,2024-11-02,165.06,completed,mobile
50349,120,2024-08-10,17.11,completed,mobile
50350,118,2025-10-27,64.76,refunded,web
50351,46,2025-08-19,74.4,pending,mobile
50352,115,2024-10-19,141.59,completed,mobile
50353,4,2024-02-24,74.46,completed,store
50354,88,2024-03-04,80.99,cancelled,web
50355,105,2025-09-22,61.39,refunded,web
50356,86,2025-01-25,149.82,cancelled,web
50357,96,2025-09-27,49.05,refunded,mobile
50358,83,2025-08-25,64.81,refunded,store
50359,38,2025-11-30,80.58,completed,web
50360,72,2024-06-13,64.35,completed,web
50361,120,2024-06-06,257.36,refunded,mobile
50362,85,2025-08-09,59.08,refunded,web
50363,29,2025-06-17,15.3,pending,mobile
50364,52,2024-08-14,287.32,completed,web
50365,28,2025-09-25,23.82,cancelled,store
50366,32,2025-11-29,135.51,completed,web
50367,70,2024-01-26,21.66,pending,web
50368,38,2024-07-16,41.04,completed,web
50369,99,2024-01-08,69.03,refunded,mobile
50370,111,2024-04-16,32.61,completed,mobile
50371,504,2024-03-30,37.0,completed,store
50372,53,2025-10-07,44.53,pending,mobile
50373,508,2025-08-22,35.97,completed,mobile
50374,39,2024-10-15,108.62,pending,mobile
50375,4,2025-06-30,10.88,cancelled,web
50376,82,2025-11-24,249.8,completed,mobile
50377,72,2024-02-12,151.68,completed,web
50378,95,2024-12-18,99.25,completed,web
50379,107,2024-04-27,48.16,completed,mobile
50380,33,2025-08-17,53.1,completed,mobile
50381,31,2025-09-26,25.08,pending,web
50382,79,2025-08-21,16.94,completed,store
50383,,2024-08-14,129.22,completed,mobile
50384,18,2024-12-05,152.3,completed,mobile
50385,63,2024-06-28,68.8,completed,store
50386,18,2024-07-20,13.14,completed,mobile
50387,75,2025-08-27,64.53,completed,web
50388,29,2025-08-26,88.21,pending,mobile
50389,12,2025-05-29,165.02,completed,web
50390,23,2025-08-02,106.28,completed,web
50391,98,2024-03-05,34.86,refunded,web
50392,117,2025-02-01,50.35,completed,web
50393,84,2025-06-17,71.39,refunded,web
50394,70,2025-01-20,77.72,refunded,store
50395,10,2025-01-20,25.76,completed,web
50396,62,2024-01-07,54.77,completed,web
50397,66,2024-08-04,29.81,cancelled,mobile
50398,16,2025-02-28,276.45,pending,mobile
50399,62,2024-06-14,78.61,completed,web
50400,74,2024-05-17,66.46,cancelled,web
50401,22,2024-07-03,56.87,cancelled,mobile
50402,113,2025-11-08,19.1,pending,store
50403,22,2025-02-24,111.71,completed,mobile
50404,66,2024-12-16,251.25,completed,web
50405,50,2024-01-17,55.2,completed,mobile
50406,23,2025-09-21,179.58,cancelled,mobile
50407,16,2025-11-06,14.02,completed,store
50408,100,2025-03-17,57.46,completed,mobile
50409,55,2025-05-08,108.03,cancelled,mobile
50410,117,2025-08-12,52.28,completed,web
50411,113,2024-09-20,11.48,completed,mobile
50412,16,2025-01-19,112.37,completed,web
50413,14,2025-10-29,64.62,cancelled,web
50414,47,2025-11-27,45.25,cancelled,mobile
50415,62,2025-07-26,60.78,completed,mobile
50416,100,2024-05-21,249.47,refunded,web
50417,101,2024-06-14,16.68,completed,mobile
50418,79,2024-02-23,49.37,completed,web
50419,78,2025-01-28,155.68,refunded,mobile
50420,92,2024-02-28,78.62,completed,store
50421,120,2024-10-19,6.96,cancelled,mobile
50422,30,2025-11-21,38.32,cancelled,web
50423,2,2024-03-11,212.11,refunded,mobile
50424,118,2024-12-21,138.9,cancelled,store
50425,59,2025-08-11,55.74,cancelled,web
50426,15,2024-09-20,78.03,pending,mobile
50427,99,2024-12-13,189.21,pending,store
50428,,2024-03-10,24.3,completed,mobile
50429,30,2025-02-26,215.64,completed,mobile
50430,34,2024-04-05,30.37,completed,web
50431,120,2024-11-17,7.24,completed,web
50432,96,2024-07-13,54.5,refunded,web
50433,34,2024-07-26,21.12,completed,store
50434,87,2025-05-19,110.39,cancelled,store
50435,109,2025-09-27,201.48,completed,web
50436,98,2024-10-13,30.08,completed,web
50437,103,2025-07-07,19.22,refunded,mobile
50438,59,2025-06-14,45.27,completed,mobile
50439,49,2024-11-29,12.67,completed,mobile
50440,31,2025-09-19,41.25,pending,web
50441,90,2025-01-08,111.86,completed,mobile
50442,74,2024-04-12,282.47,cancelled,web
50443,49,2024-06-02,52.47,pending,web
50444,115,2025-06-13,58.7,pending,web
50445,72,2024-02-18,33.83,completed,web
50446,33,2025-10-06,31.58,cancelled,store
50447,33,2025-02-25,74.84,completed,store
50448,37,2025-11-20,58.42,pending,store
50449,49,2025-04-19,68.35,completed,mobile
50450,119,2025-10-08,71.89,completed,web
50451,44,2024-11-20,117.98,cancelled,mobile
50452,35,2025-01-06,116.11,pending,web
50453,24,2024-05-08,145.87,refunded,mobile
50454,11,2025-02-10,185.47,completed,mobile
50455,68,2024-03-26,12.03,completed,mobile
50456,114,2024-08-22,32.64,refunded,web
50457,68,2024-01-30,19.03,completed,store
50458,60,2025-07-07,222.42,completed,store
50459,90,2025-08-28,80.29,refunded,store
50460,56,2025-10-16,93.78,pending,mobile
50461,104,2024-11-11,41.91,completed,web
50462,67,2024-05-19,35.56,completed,mobile
50463,63,2025-05-03,15.67,completed,mobile
50464,,2025-02-25,146.94,completed,web
50465,95,2025-01-22,35.08,refunded,web
50466,98,2025-09-19,226.38,completed,mobile
50467,69,2025-02-26,48.47,refunded,mobile
50468,25,2024-06-04,13.3,completed,store
50469,37,2025-03-24,84.07,completed,web
50470,28,2024-11-15,125.29,completed,web
50471,102,2024-03-23,16.78,completed,store
50472,33,2024-01-13,11.02,pending,web
50473,5,2024-04-06,306.0,pending,web
50474,40,2024-06-11,66.46,cancelled,mobile
50475,33,2024-11-01,107.55,completed,web
50476,56,2024-06-20,153.49,pending,mobile
50477,2,2025-08-18,120.03,cancelled,web
50478,99,2024-06-10,54.58,completed,store
50479,98,2024-03-02,42.56,cancelled,mobile
50480,17,2024-11-20,374.19,pending,mobile
50481,3,2025-01-01,84.5,completed,web
50482,57,2025-07-09,77.84,completed,mobile
50483,42,2024-10-08,207.66,cancelled,web
50484,68,2024-10-29,150.82,pending,web
50485,82,2024-07-08,237.09,completed,mobile
50486,31,2024-03-05,90.07,pending,web
50487,88,2025-07-18,27.02,pending,mobile
50488,15,2025-11-05,23.47,completed,web
50489,83,2025-11-04,52.5,cancelled,web
50490,47,2024-03-13,135.68,refunded,web
50491,72,2025-03-01,64.02,completed,web
50492,28,2024-04-09,25.63,pending,web
50493,68,2025-08-06,68.21,refunded,mobile
50494,96,2025-10-15,76.94,refunded,mobile
50495,114,2024-07-03,63.25,refunded,web
50496,77,2024-12-26,201.23,completed,mobile
50497,53,2025-03-16,110.28,completed,mobile
50498,28,2025-07-17,125.6,pending,web
50499,,2024-10-18,72.93,completed,web
50500,29,2024-11-18,80.0,cancelled,mobile
50501,74,2024-06-07,18.24,completed,web
50502,47,2024-09-12,6.95,completed,mobile
50503,73,2024-03-20,263.56,completed,web
50504,116,2025-08-13,91.38,refunded,web
50505,94,2025-01-25,100.06,pending,web
50506,112,2024-08-20,66.94,cancelled,web
50507,70,2024-11-30,54.84,completed,mobile
50508,51,2025-09-01,61.6,pending,web
50509,51,2024-12-10,13.19,completed,mobile
50510,34,2025-05-28,39.8,completed,web
50511,26,2025-10-29,69.2,refunded,mobile
50512,32,2025-03-16,46.01,completed,web
50513,,2024-12-24,49.47,completed,store
50514,30,2025-01-17,8.61,completed,web
50515,7,2025-09-27,75.04,pending,web
50516,43,2025-07-04,21.62,completed,mobile
50517,80,2024-05-24,128.7,pending,mobile
50518,85,2024-09-18,27.9,refunded,mobile
50519,7,2024-01-09,43.45,completed,store
50520,84,2025-01-24,56.99,completed,web
50521,77,2024-07-09,74.27,completed,web
50522,68,2025-05-16,45.4,completed,mobile
50523,46,2024-08-29,38.54,completed,store
50524,114,2024-01-31,29.73,pending,mobile
50525,12,2025-06-17,69.19,completed,mobile
50526,55,2025-09-11,31.7,completed,mobile
50527,75,2024-07-26,117.35,refunded,store
50528,117,2024-05-28,92.16,completed,web
50529,72,2024-05-01,143.36,refunded,store
50530,115,2024-10-07,29.23,completed,web
50531,98,2025-09-23,24.9,completed,mobile
50532,30,2025-01-02,47.94,completed,store
50533,63,2024-06-16,30.82,refunded,mobile
50534,26,2024-03-08,43.33,refunded,web
50535,59,2025-03-13,47.24,refunded,mobile
50536,93,2025-09-18,243.7,cancelled,mobile
50537,113,2024-02-09,57.68,completed,store
50538,32,2025-02-09,27.13,completed,web
50539,57,2024-11-07,95.47,completed,web
50540,79,2025-06-13,163.59,refunded,web
50541,93,2024-07-03,76.0,pending,web
50542,4,2025-08-27,26.31,refunded,mobile
50543,92,2024-04-03,19.65,completed,web
50544,91,2025-06-07,66.32,cancelled,web
50545,99,2024-12-09,72.28,completed,web
50546,19,2024-02-22,46.07,pending,web
50547,24,2024-05-14,54.22,completed,mobile
50548,64,2025-08-25,83.57,pending,web
50549,535,2025-09-26,154.9,completed,web
50550,19,2024-12-23,245.5,completed,web
50551,12,2025-03-02,21.6,refunded,mobile
50552,101,2025-04-11,96.38,completed,web
50553,39,2025-01-23,377.41,cancelled,web
50554,61,2024-10-08,35.7,completed,mobile
50555,79,2025-08-08,134.68,completed,web
50556,89,2024-10-21,27.14,completed,mobile
50557,80,2024-05-12,76.01,refunded,mobile
50558,64,2025-09-16,31.52,completed,web
50559,4,2024-04-30,84.51,cancelled,store
50560,53,2024-12-24,69.62,completed,mobile
50561,89,2024-03-10,30.93,completed,mobile
50562,15,2024-12-15,38.41,completed,mobile
50563,25,2024-12-12,178.06,pending,mobile
50564,83,2024-06-08,304.41,cancelled,store
50565,60,2025-02-27,58.59,refunded,web
50566,542,2024-12-28,115.8,pending,mobile
50567,108,2025-09-12,36.68,completed,mobile
50568,41,2024-10-05,42.53,completed,web
50569,107,2024-08-09,57.07,completed,mobile
50570,100,2024-04-04,50.19,pending,store
50571,20,2025-05-10,111.22,completed,web
50572,112,2025-06-12,73.49,refunded,web
50573,50,2025-06-18,24.22,completed,mobile
50574,77,2024-12-07,51.9,cancelled,mobile
50575,96,2025-08-14,155.04,completed,web
50576,25,2025-06-29,34.06,completed,web
50577,21,2024-01-16,249.02,completed,web
50578,45,2024-10-04,9.32,completed,mobile
50579,22,2025-09-19,189.61,completed,web
50580,61,2024-02-21,47.91,cancelled,store
50581,81,2025-04-01,69.87,completed,mobile
50582,86,2024-03-21,51.54,refunded,web
50583,59,2025-10-21,96.87,completed,store
50584,19,2025-09-23,31.37,completed,mobile
50585,86,2024-11-28,50.89,pending,web
50586,62,2024-06-23,33.53,cancelled,web
50587,14,2024-04-19,26.46,completed,mobile
50588,52,2024-09-01,80.63,pending,web
50589,44,2025-08-28,63.37,refunded,web
50590,85,2025-08-10,95.05,cancelled,web
50591,72,2025-03-31,404.59,pending,web
50592,83,2024-04-02,33.84,cancelled,store
50593,82,2024-05-30,83.84,completed,web
50594,74,2024-07-29,80.42,cancelled,mobile
50595,87,2025-03-21,76.1,completed,store
50596,8,2025-07-16,24.71,completed,web
50597,90,2025-10-02,35.53,pending,web
50598,28,2025-05-01,16.71,completed,mobile
50599,20,2025-11-17,70.3,pending,mobile
50600,18,2025-10-19,288.73,pending,mobile
50601,71,2025-01-28,42.13,cancelled,web
50602,64,2024-08-30,83.37,cancelled,mobile
50603,5,2025-08-04,52.53,cancelled,web
50604,89,2025-06-23,116.75,completed,mobile
50605,79,2025-04-28,96.22,refunded,web
50606,82,2025-08-16,40.91,completed,mobile
50607,2,2025-06-08,219.16,completed,web
50608,103,2024-06-20,206.88,cancelled,web
50609,81,2024-06-22,74.38,completed,mobile
50610,,2024-05-09,57.68,completed,web
50611,79,2024-09-20,17.08,completed,mobile
50612,48,2024-09-24,93.63,completed,mobile
50613,111,2024-03-27,102.29,pending,web
50614,57,2024-06-20,11.16,completed,web
50615,34,2024-04-28,16.16,pending,web
50616,96,2025-06-29,16.0,pending,web
50617,19,2025-03-21,43.29,cancelled,mobile
50618,6,2025-06-28,16.22,completed,web
50619,35,2024-09-18,79.02,refunded,mobile
50620,94,2024-07-18,59.76,completed,web
50621,2,2024-03-10,19.25,completed,mobile
50622,33,2024-01-25,65.67,cancelled,mobile
50623,107,2025-09-05,108.82,completed,web
50624,78,2025-11-03,162.84,completed,store
50625,90,2024-10-28,25.66,refunded,web
50626,36,2025-11-14,97.68,completed,mobile
50627,36,2025-01-26,8.3,completed,web
50628,63,2024-07-24,66.41,pending,web
50629,70,2024-08-11,65.76,pending,mobile
50630,14,2024-03-13,62.73,pending,web
50631,64,2025-10-17,45.23,completed,store
50632,598,2025-05-17,51.76,refunded,mobile
50633,101,2024-08-19,133.65,cancelled,mobile
50634,46,2024-11-06,36.81,refunded,web
50635,69,2024-12-14,17.6,completed,mobile
50636,23,2025-01-28,76.27,pending,store
50637,81,2025-05-13,10.5,refunded,web
50638,5,2025-08-30,29.26,cancelled,mobile
50639,64,2025-04-05,38.33,refunded,web
50640,16,2025-10-31,85.67,refunded,store
50641,69,2025-08-16,35.89,refunded,web
50642,579,2024-02-16,18.76,completed,web
50643,7,2024-04-09,50.55,cancelled,web
50644,105,2025-05-24,78.28,completed,mobile
50645,55,2025-11-25,46.41,refunded,mobile
50646,18,2024-08-06,140.73,completed,web
50647,36,2025-03-01,25.32,completed,web
50648,119,2024-05-16,114.14,completed,store
50649,,2024-04-01,114.67,completed,web
50650,104,2025-05-02,77.74,refunded,web
50651,58,2024-06-27,64.55,completed,mobile
50652,79,2025-10-04,107.91,pending,web
50653,31,2025-06-26,55.73,refunded,mobile
50654,36,2024-04-25,215.76,pending,web
50655,21,2024-02-14,19.63,completed,web
50656,43,2025-04-09,122.54,completed,web
50657,31,2025-08-29,66.7,refunded,mobile
50658,42,2024-04-22,41.22,refunded,web
50659,26,2024-08-13,12.2,completed,store
50660,19,2025-09-16,49.05,completed,web
50661,25,2024-10-03,33.2,refunded,mobile
50662,36,2025-04-21,50.76,completed,web
50663,38,2025-10-15,70.44,completed,web
50664,110,2024-08-09,123.87,completed,web
50665,55,2024-09-09,28.5,completed,store
50666,76,2025-08-10,148.03,completed,web
50667,61,2025-05-31,12.8,pending,mobile
50668,90,2025-04-08,54.19,completed,mobile
50669,53,2024-05-15,41.62,completed,web
50670,86,2025-04-15,15.3,completed,store
50671,52,2025-01-14,101.95,completed,store
50672,10,2024-12-06,58.21,completed,mobile
50673,79,2024-07-31,86.18,completed,mobile
50674,8,2025-11-21,44.3,pending,web
50675,80,2025-01-10,18.67,completed,mobile
50676,100,2024-12-08,35.52,pending,mobile
50677,97,2024-08-02,255.68,completed,web
50678,35,2025-03-09,38.59,completed,web
50679,65,2024-05-05,49.75,cancelled,store
50680,58,2025-11-20,156.67,completed,web
50681,23,2024-03-19,24.86,refunded,web
50682,20,2025-06-17,37.22,completed,web
50683,54,2025-10-22,150.92,completed,web
50684,44,2024-11-30,51.4,cancelled,mobile
50685,57,2025-08-03,28.59,pending,web
50686,37,2024-02-18,26.67,completed,mobile
50687,21,2024-10-19,31.13,refunded,mobile
50688,86,2024-06-14,40.2,completed,web
50689,27,2024-02-05,21.53,completed,mobile
50690,16,2025-02-18,62.59,refunded,mobile
50691,61,2025-08-10,183.87,refunded,store
50692,57,2024-04-25,16.93,completed,web
50693,80,2025-04-01,40.1,cancelled,mobile
50694,75,2024-10-11,33.64,pending,mobile
50695,12,2025-02-07,28.42,cancelled,mobile
50696,8,2025-01-04,32.27,pending,web
50697,,2024-11-11,101.75,refunded,store
50698,55,2025-02-28,15.28,completed,web
50699,39,2025-06-21,19.76,completed,web
50700,72,2025-08-04,84.04,completed,mobile
50701,38,2024-02-13,107.16,cancelled,web
50702,72,2024-08-17,137.56,refunded,mobile
50703,37,2025-05-18,290.02,completed,web
50704,36,2024-03-09,68.44,pending,mobile
50705,112,2025-05-02,27.32,completed,mobile
50706,21,2024-05-29,6.29,completed,web
50707,7,2025-03-05,21.56,refunded,store
50708,66,2025-10-05,32.78,completed,mobile
50709,112,2024-11-04,18.11,completed,web
50710,75,2024-05-27,38.11,completed,store
50711,21,2024-06-07,56.22,cancelled,mobile
50712,107,2025-06-28,154.62,completed,web
50713,118,2024-05-14,178.79,completed,mobile
50714,18,2025-09-03,168.68,completed,mobile
50715,4,2024-05-01,27.82,completed,web
50716,11,2024-04-24,55.75,completed,store
50717,6,2025-11-14,13.77,cancelled,store
50718,24,2024-01-30,41.92,cancelled,mobile
50719,79,2025-08-06,123.31,refunded,web
50720,37,2025-07-04,144.78,refunded,mobile
50721,57,2024-04-19,26.54,pending,web
50722,66,2024-04-25,95.19,pending,web
50723,18,2025-01-04,107.14,completed,web
50724,64,2024-10-17,43.04,refunded,store
50725,57,2025-02-21,6.61,completed,store
50726,115,2025-05-02,150.23,completed,store
50727,63,2025-02-09,41.91,completed,web
50728,51,2025-08-27,108.68,completed,store
50729,44,2025-02-17,86.07,refunded,mobile
50730,76,2025-10-21,148.97,refunded,mobile
50731,52,2025-06-07,13.6,completed,web
50732,63,2025-10-05,421.37,pending,mobile
50733,23,2025-11-26,38.02,cancelled,web
50734,10,2025-06-16,358.69,completed,web
50735,64,2024-09-24,75.55,cancelled,mobile
50736,98,2025-03-16,33.3,pending,web
50737,5,2025-11-06,116.04,refunded,web
50738,56,2025-02-02,53.49,refunded,web
50739,71,2025-08-08,49.38,completed,mobile
50740,51,2025-08-28,41.71,completed,web
50741,47,2025-08-20,42.25,completed,store
50742,53,2025-11-08,33.54,completed,mobile
50743,117,2024-11-08,27.74,cancelled,web
50744,59,2025-03-08,149.38,completed,web
50745,61,2024-11-20,40.76,cancelled,web
50746,63,2025-11-22,23.29,refunded,web
50747,79,2025-03-22,16.56,completed,mobile
50748,69,2024-09-28,45.4,refunded,store
50749,92,2024-04-07,65.65,cancelled,mobile
50750,61,2024-12-21,188.14,completed,mobile
50751,39,2025-07-06,34.31,completed,mobile
50752,59,2025-07-14,473.26,cancelled,web
50753,85,2025-04-23,21.44,cancelled,store
50754,117,2025-08-02,77.59,completed,web
50755,19,2024-11-03,127.85,completed,mobile
50756,109,2024-10-20,72.7,cancelled,web
50757,31,2024-07-15,31.92,pending,web
50758,116,2024-06-12,97.99,cancelled,web
50759,110,2025-05-12,126.81,completed,store
50760,116,2025-01-07,488.09,pending,store
50761,93,2024-08-29,204.51,cancelled,store
50762,120,2025-05-23,113.98,completed,mobile
50763,41,2025-08-21,324.32,refunded,web
50764,55,2024-04-19,48.5,cancelled,web
50765,69,2024-04-25,34.32,refunded,web
50766,36,2024-05-28,27.04,completed,web
50767,116,2025-11-09,30.4,refunded,store
50768,47,2024-05-04,58.36,pending,web
50769,117,2024-09-18,93.01,completed,store
50770,81,2025-10-21,47.4,completed,mobile
50771,63,2025-02-26,138.66,pending,store
50772,105,2024-06-13,98.13,completed,web
50773,94,2024-11-30,50.9,completed,mobile
50774,24,2025-10-18,22.52,refunded,web
50775,74,2024-06-10,15.26,refunded,mobile
50776,109,2025-02-24,102.21,pending,store
50777,18,2025-08-30,25.78,completed,web
50778,49,2025-08-07,396.29,pending,web
50779,90,2024-02-20,42.41,completed,web
50780,48,2025-08-03,16.75,pending,mobile
50781,64,2024-07-27,97.3,pending,web
50782,56,2025-09-06,82.09,completed,web
50783,530,2025-09-24,49.65,cancelled,mobile
50784,59,2025-04-25,24.77,refunded,web
50785,28,2025-03-09,86.74,completed,mobile
50786,7,2024-08-28,51.13,cancelled,store
50787,103,2024-02-16,72.81,cancelled,web
50788,23,2025-05-30,53.74,pending,web
50789,41,2025-03-19,30.22,completed,store
50790,64,2024-10-14,108.92,completed,mobile
50791,56,2024-11-19,107.66,completed,mobile
50792,119,2025-03-26,16.62,pending,web
50793,115,2024-02-11,64.31,completed,mobile
50794,111,2024-12-23,31.19,cancelled,mobile
50795,73,2025-08-22,26.11,completed,store
50796,4,2025-11-27,22.65,completed,mobile
50797,,2025-11-06,50.45,completed,mobile
50798,1,2024-02-14,21.09,refunded,store
50799,103,2024-08-04,11.38,refunded,web
50800,78,2025-02-12,34.13,pending,web
50801,110,2025-02-01,96.54,refunded,web
50802,39,2025-03-18,241.01,completed,mobile
50803,107,2024-07-23,47.84,pending,web
50804,77,2025-03-08,176.7,pending,mobile
50805,12,2024-12-15,115.78,pending,mobile
50806,83,2024-10-24,51.92,pending,web
50807,17,2024-11-03,155.13,completed,mobile
50808,71,2024-02-16,56.82,pending,web
50809,85,2024-09-16,32.83,cancelled,web
50810,95,2024-07-02,17.53,refunded,web
50811,76,2025-11-17,37.34,completed,store
50812,112,2024-08-04,8.89,cancelled,web
50813,87,2025-07-01,17.08,completed,web
50814,62,2025-02-18,72.93,cancelled,mobile
50815,79,2025-11-20,88.85,completed,web
50816,15,2024-07-11,105.85,refunded,web
50817,31,2025-10-03,169.35,completed,web
50818,60,2025-03-08,9.93,pending,web
50819,111,2024-09-05,19.86,pending,web
50820,2,2025-03-18,128.43,cancelled,store
50821,5,2025-05-12,58.6,refunded,store
50822,112,2024-03-03,58.64,completed,mobile
50823,35,2025-03-03,90.53,pending,mobile
50824,3,2024-07-15,50.41,cancelled,web
50825,117,2025-09-08,333.52,pending,web
50826,38,2025-02-03,141.32,pending,mobile
50827,109,2024-07-31,15.41,refunded,web
50828,23,2025-09-12,51.67,pending,web
50829,27,2024-01-19,41.32,refunded,web
50830,106,2025-05-30,41.91,completed,mobile
50831,63,2024-12-14,330.72,cancelled,web
50832,20,2025-06-11,64.7,completed,store
50833,57,2024-04-23,168.87,completed,mobile
50834,6,2024-06-20,236.79,completed,web
50835,38,2025-06-02,53.62,completed,mobile
50836,43,2024-05-05,135.13,pending,mobile
50837,1,2025-04-30,34.21,completed,web
50838,92,2025-01-04,70.12,cancelled,web
50839,30,2025-03-15,44.09,pending,store
50840,67,2025-01-05,174.31,completed,mobile
50841,67,2024-03-27,36.82,completed,web
50842,51,2025-11-07,19.49,refunded,mobile
50843,39,2024-11-17,27.66,completed,mobile
50844,58,2025-07-11,87.79,pending,mobile
50845,114,2025-10-26,45.9,completed,web
50846,69,2024-05-09,58.26,completed,web
50847,71,2024-12-14,85.31,completed,store
50848,70,2024-09-04,109.51,pending,store
50849,15,2025-01-16,26.81,completed,web
50850,84,2025-04-04,17.82,pending,web
50851,31,2025-08-18,135.0,refunded,mobile
50852,109,2024-12-24,22.67,refunded,mobile
50853,18,2025-06-16,80.4,cancelled,mobile
50854,106,2025-04-10,51.29,completed,mobile
50855,52,2025-06-15,76.57,pending,mobile
50856,63,2025-03-02,94.81,completed,web
50857,59,2025-06-09,99.55,completed,web
50858,5,2025-07-26,70.14,completed,web
50859,38,2024-06-05,24.49,completed,web
50860,,2025-08-26,8.97,completed,store
50861,28,2025-05-15,52.47,pending,store
50862,101,2025-09-12,29.33,refunded,web
50863,58,2024-06-01,120.5,cancelled,mobile
50864,53,2025-02-08,42.69,refunded,store
50865,95,2024-03-31,337.84,cancelled,mobile
50866,99,2025-07-28,98.93,completed,web
50867,80,2024-02-24,220.15,pending,mobile
50868,3,2025-06-28,95.02,refunded,mobile
50869,75,2025-06-30,70.84,completed,web
50870,,2025-02-28,12.55,pending,web
50871,15,2025-07-08,31.02,completed,mobile
50872,20,2025-02-21,72.01,completed,web
50873,92,2025-02-03,118.19,completed,web
50874,31,2025-08-23,24.98,cancelled,web
50875,15,2024-11-21,50.07,pending,web
50876,82,2024-01-20,76.61,cancelled,mobile
50877,17,2025-02-20,32.71,cancelled,web
50878,19,2024-06-21,132.85,pending,store
50879,72,2024-01-02,90.69,completed,web
50880,120,2024-10-06,132.83,pending,store
50881,108,2025-08-22,108.99,completed,mobile
50882,73,2024-04-01,45.88,completed,mobile
50883,36,2024-08-03,23.73,completed,mobile
50884,97,2024-10-06,35.61,cancelled,web
50885,117,2025-10-23,263.46,completed,store
50886,87,2025-07-23,125.04,refunded,mobile
50887,69,2025-11-18,49.84,pending,mobile
50888,46,2024-01-09,22.89,completed,web
50889,29,2024-10-14,135.01,completed,web
50890,79,2024-08-14,25.39,completed,web
50891,64,2025-09-12,32.21,refunded,web
50892,112,2025-05-27,53.54,refunded,mobile
50893,87,2025-08-01,17.31,refunded,web
50894,34,2024-08-21,6.3,completed,store
50895,89,2025-09-21,24.07,pending,web
50896,55,2025-10-27,19.49,pending,web
50897,67,2024-08-17,58.51,pending,web
50898,11,2024-01-26,116.41,completed,web
50899,81,2024-01-29,46.89,cancelled,mobile
50900,120,2024-09-13,27.1,completed,mobile
50901,106,2024-08-30,114.33,refunded,web
50902,16,2024-03-03,144.89,refunded,web
50903,17,2025-03-28,48.88,completed,mobile
50904,38,2025-02-15,20.66,refunded,mobile
50905,59,2025-03-14,233.93,completed,mobile
50906,87,2025-04-09,58.03,completed,web
50907,77,2025-08-30,92.14,cancelled,web
50908,66,2025-03-07,50.83,completed,web
50909,103,2024-05-10,33.56,refunded,mobile
50910,40,2025-07-08,87.46,completed,mobile
50911,38,2024-01-09,58.87,completed,web
50912,65,2025-07-26,134.97,completed,store
50913,82,2024-03-11,27.23,refunded,mobile
50914,60,2024-12-05,178.21,completed,mobile
50915,54,2024-04-17,39.8,completed,web
50916,,2024-08-23,51.32,pending,mobile
50917,105,2025-01-19,32.24,completed,web
50918,10,2025-07-22,24.76,completed,mobile
50919,117,2024-02-14,36.49,completed,mobile
50920,44,2024-09-08,23.8,completed,web
50921,27,2024-09-02,40.33,completed,store
50922,103,2025-03-20,92.94,pending,mobile
50923,41,2025-10-13,67.27,cancelled,web
50924,20,2024-02-24,70.97,completed,store
50925,75,2024-08-02,254.48,refunded,mobile
50926,22,2025-10-22,98.03,cancelled,web
50927,42,2025-06-22,148.04,pending,web
50928,75,2025-08-20,71.91,completed,web
50929,31,2024-11-09,45.81,completed,store
50930,48,2024-03-27,48.19,cancelled,web
50931,66,2025-03-12,48.16,completed,mobile
50932,41,2024-01-26,29.67,refunded,web
50933,116,2025-05-28,57.53,completed,store
50934,13,2025-01-03,28.23,completed,mobile
50935,99,2024-10-08,17.47,completed,store
50936,97,2025-07-10,10.53,pending,store
50937,106,2025-11-02,108.85,refunded,mobile
50938,61,2025-08-24,305.05,refunded,mobile
50939,44,2024-11-16,132.0,refunded,web
50940,57,2025-07-25,119.68,refunded,web
50941,104,2024-12-29,36.52,refunded,mobile
50942,98,2025-07-04,26.91,cancelled,mobile
50943,119,2024-12-04,89.57,cancelled,mobile
50944,51,2024-07-28,39.83,completed,mobile
50945,58,2024-11-07,59.13,refunded,mobile
50946,4,2024-03-12,145.0,completed,web
50947,85,2025-04-10,14.29,completed,web
50948,117,2024-06-09,34.36,pending,store
50949,111,2024-07-29,11.9,refunded,web
50950,78,2024-11-13,70.56,refunded,web
50951,,2024-03-06,180.87,completed,mobile
50952,117,2025-05-17,47.61,refunded,web
50953,83,2025-04-12,13.2,completed,web
50954,106,2024-06-28,46.95,cancelled,mobile
50955,59,2025-11-05,18.73,pending,mobile
50956,6,2024-06-10,22.49,completed,mobile
50957,9,2024-08-10,150.26,cancelled,web
50958,48,2024-04-17,56.21,pending,web
50959,33,2024-02-15,51.44,refunded,mobile
50960,60,2025-02-12,129.01,completed,web
50961,91,2024-11-30,86.79,pending,web
50962,71,2025-03-24,99.53,completed,mobile
50963,23,2025-07-01,83.38,refunded,mobile
50964,87,2025-03-27,41.92,completed,store
50965,69,2024-02-18,112.74,completed,web
50966,40,2025-09-04,42.95,completed,web
50967,4,2024-12-11,235.19,completed,web
50968,113,2025-11-11,30.53,pending,mobile
50969,105,2025-07-29,89.35,cancelled,web
50970,55,2024-08-06,23.35,completed,web
50971,,2024-08-13,77.21,completed,store
50972,53,2025-09-05,51.17,refunded,mobile
50973,119,2024-06-24,36.61,completed,store
50974,90,2024-05-16,27.89,refunded,web
50975,109,2024-03-10,29.54,cancelled,web
50976,66,2024-08-26,55.53,completed,web
50977,79,2024-05-07,18.85,completed,mobile
50978,8,2025-05-25,38.49,completed,mobile
50979,31,2025-09-04,196.5,completed,web
50980,41,2024-02-10,212.05,refunded,mobile
50981,542,2024-12-16,24.15,refunded,store
50982,103,2024-08-15,70.44,completed,web
50983,508,2024-07-16,19.02,completed,web
50984,11,2025-04-23,20.33,completed,web
50985,78,2024-10-19,31.17,completed,web
50986,22,2025-03-08,56.21,completed,mobile
50987,102,2025-01-25,48.64,completed,mobile
50988,20,2024-06-28,28.22,pending,web
50989,72,2024-03-14,23.27,completed,web
50990,593,2025-01-18,46.17,pending,store
50991,48,2024-11-11,89.98,pending,store
50992,118,2025-08-02,95.89,refunded,web
50993,89,2024-02-29,85.93,completed,store
50994,47,2025-11-23,14.86,refunded,web
50995,32,2025-11-09,165.86,pending,web
50996,76,2024-03-23,56.45,pending,web
50997,55,2024-11-05,54.71,pending,mobile
50998,94,2024-04-01,14.4,completed,mobile
50999,35,2025-02-11,21.09,completed,web
51000,90,2025-03-02,126.98,completed,web
51001,24,2024-07-21,52.48,completed,web
51002,105,2024-07-24,90.94,pending,web
51003,117,2025-10-13,27.42,pending,web
51004,9,2025-08-22,25.76,completed,web
51005,35,2024-01-08,171.34,completed,web
51006,67,2025-01-19,51.48,pending,web
51007,88,2024-11-18,80.42,completed,store
51008,112,2024-04-12,22.87,completed,web
51009,16,2024-10-13,27.97,refunded,mobile
51010,61,2025-11-07,18.14,completed,store
51011,95,2025-03-30,25.69,refunded,mobile
51012,11,2025-05-02,37.58,completed,store
51013,113,2025-05-31,14.01,completed,web
51014,87,2025-04-23,22.78,completed,web
51015,70,2024-08-04,75.63,refunded,web
51016,119,2025-01-27,89.85,completed,mobile
51017,115,2025-11-12,17.44,refunded,web
51018,102,2024-08-17,82.46,pending,store
51019,96,2025-01-25,155.14,pending,mobile
51020,29,2024-10-24,81.74,completed,web
51021,41,2025-08-13,90.13,cancelled,mobile
51022,109,2025-03-09,36.08,refunded,store
51023,17,2025-09-08,63.32,completed,mobile
51024,59,2024-10-30,145.93,pending,web
51025,37,2025-11-12,20.11,cancelled,store
51026,16,2025-08-10,45.38,pending,web
51027,49,2024-12-07,9.13,refunded,store
51028,29,2024-02-23,368.14,completed,store
51029,85,2024-06-12,26.15,completed,mobile
51030,51,2024-10-16,104.46,completed,web
51031,97,2024-02-25,316.22,pending,mobile
51032,74,2025-05-09,38.24,completed,mobile
51033,26,2024-01-10,13.51,completed,mobile
51034,110,2025-03-13,74.78,completed,web
51035,61,2024-02-23,17.26,completed,mobile
51036,20,2025-02-17,35.8,pending,web
51037,89,2024-06-25,78.0,refunded,store
51038,86,2025-04-19,250.04,completed,mobile
51039,57,2024-05-02,519.6,completed,web
51040,74,2025-05-06,14.94,cancelled,web
51041,62,2025-03-20,39.01,completed,web
51042,117,2025-07-04,72.44,pending,web
51043,108,2025-10-29,17.09,completed,web
51044,58,2024-05-05,69.69,completed,store
51045,5,2024-05-07,55.37,cancelled,web
51046,,2025-06-15,125.84,cancelled,web
51047,74,2024-11-16,580.65,completed,mobile
51048,66,2024-04-11,69.98,completed,web
51049,39,2024-08-08,28.62,completed,mobile
51050,55,2024-09-18,20.16,completed,web
51051,11,2025-11-23,38.23,cancelled,web
51052,81,2025-10-10,77.9,completed,mobile
51053,83,2025-09-11,15.46,pending,web
51054,78,2024-10-03,58.88,refunded,web
51055,117,2024-10-06,37.87,completed,web
51056,14,2024-05-06,9.58,completed,mobile
51057,104,2025-06-25,32.62,completed,mobile
51058,78,2024-02-19,42.69,refunded,mobile
51059,101,2025-08-31,138.73,cancelled,web
51060,2,2024-06-08,71.38,cancelled,mobile
51061,7,2025-10-16,21.44,refunded,web
51062,57,2025-04-24,54.84,pending,mobile
51063,92,2024-08-22,7.39,completed,web
51064,41,2025-10-11,63.8,completed,store
51065,55,2024-05-19,51.36,refunded,store
51066,90,2024-01-15,366.08,refunded,web
51067,55,2024-12-19,13.08,cancelled,mobile
51068,6,2024-06-21,471.26,cancelled,store
51069,23,2024-05-16,83.09,pending,web
51070,22,2024-04-25,26.15,cancelled,store
51071,110,2024-11-02,52.8,completed,mobile
51072,73,2024-11-08,67.52,pending,store
51073,109,2024-12-30,14.37,completed,web
51074,1,2024-07-09,47.27,pending,web
51075,11,2024-06-06,12.2,completed,web
51076,85,2025-04-26,43.91,pending,store
51077,69,2024-04-21,49.26,refunded,web
51078,46,2024-07-22,24.68,completed,web
51079,96,2024-02-02,29.42,pending,store
51080,35,2025-05-15,78.66,refunded,web
51081,97,2025-02-13,56.57,pending,web
51082,14,2024-05-09,19.99,refunded,web
51083,87,2025-03-15,47.71,pending,web
51084,55,2024-06-05,82.36,completed,mobile
51085,111,2024-09-10,83.5,pending,mobile
51086,104,2025-05-29,66.66,cancelled,mobile
51087,20,2024-05-15,44.78,completed,store
51088,,2024-02-22,37.82,refunded,mobile
51089,30,2025-03-12,51.32,refunded,web
51090,15,2024-10-14,77.08,completed,web
51091,117,2025-03-17,41.02,completed,mobile
51092,88,2024-05-13,21.09,completed,mobile
51093,76,2025-01-15,32.23,cancelled,web
51094,114,2025-10-06,81.63,cancelled,store
51095,114,2024-07-14,24.34,completed,web
51096,70,2024-11-04,11.52,completed,web
51097,54,2024-09-15,172.06,completed,store
51098,58,2024-04-30,9.78,cancelled,mobile
51099,22,2024-05-12,53.76,cancelled,store
51100,22,2025-06-05,25.39,pending,mobile
51101,27,2024-06-12,70.6,completed,store
51102,102,2025-05-30,103.33,completed,store
51103,38,2025-07-19,26.69,cancelled,web
51104,6,2024-10-11,128.25,completed,mobile
51105,32,2024-08-03,57.43,completed,mobile
51106,48,2025-07-16,36.7,cancelled,web
51107,8,2024-01-11,99.99,completed,web
51108,3,2025-08-20,33.21,refunded,mobile
51109,71,2025-03-28,31.28,cancelled,mobile
51110,110,2024-06-08,40.81,pending,web
51111,116,2025-05-22,30.88,completed,web
51112,63,2024-07-03,68.02,completed,store
51113,105,2025-09-14,32.09,pending,web
51114,117,2025-02-16,15.93,refunded,mobile
51115,2,2025-01-21,45.15,completed,mobile
51116,83,2024-05-15,36.58,completed,store
51117,513,2025-07-09,91.88,refunded,web
51118,18,2025-07-30,31.85,completed,web
51119,89,2025-07-10,23.96,cancelled,store
51120,54,2024-08-17,16.25,completed,web
51121,37,2025-12-01,12.79,completed,web
51122,15,2024-10-15,31.77,completed,web
51123,119,2024-02-14,65.72,cancelled,web
51124,24,2024-06-02,341.17,cancelled,mobile
51125,45,2024-10-04,76.22,completed,store
51126,20,2024-05-30,35.51,refunded,mobile
51127,62,2024-04-25,905.64,completed,web
51128,42,2024-07-05,99.74,pending,web
51129,89,2025-09-08,103.76,refunded,store
51130,50,2025-05-24,61.03,cancelled,mobile
51131,50,2025-03-07,65.1,refunded,web
51132,12,2024-01-03,37.28,completed,store
51133,8,2025-01-04,105.59,completed,mobile
51134,71,2025-03-07,6.17,completed,mobile
51135,16,2024-05-26,45.44,pending,web
51136,90,2025-08-18,44.11,completed,web
51137,107,2024-06-02,113.29,completed,mobile
51138,90,2025-04-26,44.94,refunded,mobile
51139,37,2024-03-02,114.12,completed,web
51140,55,2025-04-10,86.77,cancelled,mobile
51141,91,2024-06-09,37.85,pending,store
51142,17,2025-02-14,68.19,completed,mobile
51143,72,2024-03-20,130.11,completed,mobile
51144,52,2024-06-17,19.43,pending,web
51145,14,2025-01-06,145.62,completed,web
51146,21,2024-03-07,113.92,completed,mobile
51147,5,2024-03-28,85.04,completed,web
51148,12,2024-01-09,208.19,completed,mobile
51149,93,2024-05-12,75.75,pending,store
51150,65,2024-06-02,42.26,completed,web
51151,20,2024-03-21,199.67,refunded,web
51152,65,2025-09-15,18.59,completed,web
51153,80,2025-03-17,77.51,cancelled,mobile
51154,20,2025-05-24,95.82,completed,web
51155,59,2024-10-29,27.5,completed,web
51156,10,2025-04-16,27.94,completed,mobile
51157,57,2024-05-23,53.15,completed,web
51158,110,2025-11-27,23.24,cancelled,store
51159,48,2025-02-27,55.24,refunded,web
51160,83,2024-09-07,105.97,completed,store
51161,38,2025-08-06,46.6,pending,store
51162,86,2025-04-22,49.46,pending,web
51163,24,2025-02-10,88.99,completed,web
51164,44,2025-05-12,10.81,completed,web
51165,5,2025-04-26,28.3,cancelled,web
51166,77,2024-03-04,147.93,pending,store
51167,28,2024-01-24,21.73,completed,web
51168,36,2024-11-01,147.46,pending,mobile
51169,86,2024-07-07,132.97,completed,web
51170,45,2025-05-08,48.68,completed,store
51171,56,2025-08-07,46.37,cancelled,web
51172,93,2025-09-23,11.67,refunded,mobile
51173,95,2024-01-15,21.3,completed,web
51174,41,2025-11-21,41.07,completed,store
51175,107,2025-10-11,4.86,completed,web
51176,96,2025-03-06,194.35,cancelled,web
51177,45,2024-07-14,55.87,refunded,web
51178,59,2024-12-26,34.09,cancelled,store
51179,43,2024-06-29,49.61,cancelled,mobile
51180,70,2024-10-18,274.71,pending,mobile
51181,90,2024-04-11,10.5,cancelled,store
51182,14,2025-09-30,44.94,completed,mobile
51183,110,2024-08-16,134.34,completed,web
51184,61,2024-12-25,26.92,refunded,mobile
51185,,2024-08-17,55.43,refunded,web
51186,108,2025-02-28,153.39,refunded,mobile
51187,43,2025-08-08,186.5,cancelled,web
51188,82,2024-06-26,44.38,completed,web
51189,13,2024-05-09,55.53,pending,mobile
51190,81,2025-07-20,26.21,completed,web
51191,519,2024-01-29,79.63,completed,mobile
51192,4,2024-05-13,89.8,refunded,store
51193,39,2024-09-08,302.1,pending,mobile
51194,85,2024-03-25,88.21,completed,web
51195,119,2024-04-19,26.91,completed,web
51196,64,2024-07-31,39.93,completed,web
51197,63,2024-03-19,26.36,completed,mobile
51198,58,2024-07-03,102.65,completed,web
51199,44,2025-05-10,36.32,cancelled,web
51200,3,2024-06-05,28.46,completed,web
51201,18,2024-05-09,28.4,completed,web
51202,71,2025-04-23,110.96,cancelled,store
51203,119,2024-06-26,63.63,completed,store
51204,63,2025-04-01,35.17,completed,mobile
51205,78,2024-07-23,63.84,refunded,mobile
51206,58,2024-02-04,133.53,pending,web
51207,106,2025-06-27,43.72,completed,mobile
51208,55,2025-01-01,34.01,completed,web
51209,100,2024-01-10,34.23,completed,store
51210,72,2024-10-17,74.74,completed,mobile
51211,92,2025-11-18,34.19,completed,mobile
51212,26,2025-05-20,44.61,pending,web
51213,58,2024-11-30,64.98,completed,web
51214,83,2025-08-12,7.5,pending,web
51215,69,2024-02-10,42.18,pending,mobile
51216,36,2024-12-20,39.35,completed,web
51217,7,2025-04-10,53.14,completed,mobile
51218,80,2024-08-17,23.33,refunded,mobile
51219,29,2024-07-14,311.34,cancelled,store
51220,120,2024-02-23,10.7,completed,web
51221,39,2024-12-03,203.38,pending,web
51222,22,2025-08-20,51.13,completed,mobile
51223,114,2025-02-27,99.66,cancelled,mobile
51224,74,2025-05-16,152.07,refunded,web
51225,12,2024-10-30,87.92,completed,mobile
51226,95,2024-03-20,16.03,completed,web
51227,28,2025-01-29,32.84,completed,mobile
51228,98,2024-11-16,94.82,pending,mobile
51229,109,2024-05-13,28.66,pending,store
51230,66,2025-02-13,29.08,completed,mobile
51231,112,2024-04-14,87.4,pending,web
51232,4,2025-06-27,49.7,cancelled,web
51233,56,2025-02-10,54.95,completed,web
51234,48,2025-10-26,5.05,completed,web
51235,52,2024-10-09,59.45,pending,web
51236,7,2024-04-23,21.7,completed,mobile
51237,36,2025-09-27,89.0,pending,web
51238,94,2024-10-01,54.14,completed,web
51239,37,2024-10-21,79.56,cancelled,store
51240,80,2024-11-08,283.57,completed,web
51241,9,2024-12-06,14.12,completed,web
51242,34,2024-06-23,323.35,cancelled,web
51243,61,2025-05-15,153.22,completed,mobile
51244,73,2024-10-24,152.95,completed,mobile
51245,100,2024-11-07,106.38,pending,mobile
51246,70,2025-05-13,28.11,completed,web
51247,43,2025-11-10,63.9,refunded,mobile
51248,528,2025-11-06,167.47,completed,web
51249,95,2025-03-17,24.49,completed,store
51250,49,2024-10-07,302.53,pending,store
51251,113,2024-09-28,136.85,completed,web
51252,54,2024-10-09,40.86,cancelled,mobile
51253,107,2025-03-19,147.5,completed,web
51254,2,2024-05-30,51.53,completed,mobile
51255,86,2025-05-13,11.68,completed,web
51256,28,2025-08-30,18.67,completed,web
51257,85,2024-02-21,31.26,completed,mobile
51258,65,2025-07-28,18.8,completed,web
51259,5,2024-12-29,17.47,pending,web
51260,116,2024-09-24,249.77,completed,mobile
51261,87,2025-08-15,29.24,completed,web
51262,11,2025-10-05,50.94,pending,web
51263,68,2024-11-16,55.57,completed,web
51264,55,2025-02-24,28.63,completed,store
51265,54,2024-05-23,69.46,completed,mobile
51266,48,2025-07-10,10.45,pending,mobile
51267,112,2024-02-25,23.81,refunded,web
51268,77,2024-10-24,74.32,completed,web
51269,75,2024-02-24,100.25,cancelled,mobile
51270,64,2025-11-22,69.47,refunded,web
51271,,2024-07-24,64.86,completed,web
51272,14,2025-06-01,50.06,completed,web
51273,62,2024-08-28,163.91,cancelled,mobile
51274,110,2024-05-06,41.63,completed,web
51275,96,2024-06-23,57.74,completed,web
51276,38,2024-04-12,204.45,refunded,web
51277,50,2024-04-19,41.19,completed,web
51278,59,2025-02-02,396.09,cancelled,web
51279,117,2024-05-22,46.11,completed,web
51280,21,2025-05-30,58.85,completed,mobile
51281,46,2025-07-30,23.98,completed,web
51282,98,2025-02-07,28.99,cancelled,mobile
51283,74,2025-06-03,127.26,completed,mobile
51284,76,2024-12-22,112.65,completed,web
51285,110,2024-08-25,182.97,completed,store
51286,104,2024-08-30,93.71,pending,store
51287,8,2024-04-27,47.64,refunded,mobile
51288,119,2024-04-20,86.97,refunded,mobile
51289,26,2025-05-17,48.06,completed,mobile
51290,56,2024-07-15,113.85,completed,web
51291,94,2025-10-19,57.44,completed,mobile
51292,61,2024-12-31,80.76,completed,mobile
51293,57,2025-01-20,193.59,completed,mobile
51294,39,2025-05-25,20.37,completed,web
51295,106,2024-09-14,42.57,completed,store
51296,10,2024-09-04,54.6,completed,mobile
51297,115,2025-04-27,68.78,pending,web
51298,43,2024-03-01,17.09,refunded,web
51299,97,2024-03-04,36.02,cancelled,store
51300,90,2024-02-06,42.87,pending,mobile
51301,79,2025-07-18,52.69,refunded,web
51302,5,2024-08-18,80.29,completed,mobile
51303,113,2024-01-22,91.04,cancelled,store
51304,88,2024-01-19,59.19,pending,mobile
51305,56,2025-07-16,21.33,cancelled,store
51306,48,2024-12-17,49.49,completed,web
51307,2,2025-07-03,28.1,completed,web
51308,78,2024-09-07,35.33,refunded,web
51309,33,2024-07-29,53.09,completed,store
51310,110,2024-11-05,22.81,cancelled,store
51311,41,2025-05-30,22.58,pending,mobile
51312,80,2024-03-21,33.08,cancelled,web
51313,95,2024-05-05,19.82,completed,web
51314,31,2025-10-27,24.2,completed,mobile
51315,11,2025-09-16,45.95,pending,web
51316,6,2025-01-23,24.32,completed,mobile
51317,5,2024-12-22,95.49,completed,mobile
51318,76,2024-01-29,14.04,pending,store
51319,101,2024-02-28,148.93,refunded,store
51320,37,2025-07-01,48.21,cancelled,mobile
51321,34,2025-01-25,19.94,completed,web
51322,32,2024-10-29,36.92,cancelled,web
51323,35,2025-10-30,173.15,completed,web
51324,85,2024-09-27,135.82,completed,web
51325,60,2025-01-02,45.36,completed,web
51326,75,2024-10-10,198.49,completed,web
51327,34,2024-10-09,27.27,completed,mobile
51328,19,2025-11-02,190.86,completed,mobile
51329,30,2024-09-22,58.07,completed,web
51330,10,2024-04-25,55.76,completed,mobile
51331,107,2025-03-01,18.36,completed,web
51332,42,2025-01-03,36.36,refunded,web
51333,38,2024-06-13,41.65,completed,store
51334,4,2024-08-04,136.75,refunded,mobile
51335,75,2024-08-08,35.75,refunded,mobile
51336,49,2025-10-26,123.84,cancelled,store
51337,81,2025-03-04,58.25,cancelled,mobile
51338,78,2025-06-21,57.02,completed,mobile
51339,38,2024-12-02,10.89,completed,web
51340,41,2024-04-28,90.68,pending,web
51341,46,2024-03-19,312.34,cancelled,web
51342,101,2025-08-06,124.23,pending,mobile
51343,86,2024-09-23,105.13,completed,web
51344,54,2024-05-31,73.83,completed,store
51345,113,2024-06-19,25.77,cancelled,mobile
51346,61,2024-05-09,15.13,cancelled,store
51347,116,2024-05-10,39.59,refunded,web
51348,44,2024-12-10,77.32,refunded,web
51349,95,2025-04-04,276.48,refunded,mobile
51350,38,2024-05-17,187.18,cancelled,store
51351,120,2024-06-04,225.72,completed,mobile
51352,59,2025-03-25,9.98,completed,store
51353,13,2025-05-20,32.09,cancelled,mobile
51354,109,2024-10-19,37.37,completed,store
51355,6,2024-08-03,47.45,cancelled,web
51356,45,2024-05-01,29.89,completed,store
51357,37,2024-09-22,28.22,cancelled,mobile
51358,4,2024-02-10,234.44,completed,web
51359,107,2025-01-13,80.43,cancelled,web
51360,59,2024-04-22,54.01,completed,store
51361,94,2024-12-28,308.41,completed,mobile
51362,42,2024-12-09,22.56,cancelled,mobile
51363,10,2024-11-18,56.73,cancelled,mobile
51364,113,2025-10-11,69.83,cancelled,web
51365,29,2024-09-28,50.17,completed,mobile
51366,37,2025-10-12,60.73,completed,web
51367,89,2025-01-24,70.08,completed,web
51368,85,2024-11-03,88.28,refunded,web
51369,46,2024-10-29,25.68,completed,web
51370,41,2024-12-21,144.46,pending,mobile
51371,111,2025-02-25,72.32,completed,mobile
51372,114,2025-02-22,32.8,pending,mobile
51373,55,2024-02-25,15.75,completed,mobile
51374,6,2025-02-23,69.28,completed,store
51375,79,2024-05-12,63.83,refunded,web
51376,49,2024-12-07,68.27,cancelled,web
51377,69,2024-06-09,123.44,refunded,web
51378,103,2025-01-17,39.92,refunded,web
51379,2,2024-01-21,119.79,cancelled,web
51380,63,2024-10-16,37.49,refunded,web
51381,35,2025-01-21,70.85,refunded,store
51382,111,2024-03-16,55.82,refunded,web
51383,2,2025-07-08,65.39,refunded,mobile
51384,51,2025-09-12,35.68,completed,web
51385,26,2025-11-02,65.25,pending,web
51386,53,2025-05-09,18.95,cancelled,web
51387,3,2025-02-07,96.67,cancelled,store
51388,51,2025-04-02,35.36,refunded,web
51389,19,2024-03-26,26.84,pending,mobile
51390,11,2025-09-23,153.6,cancelled,mobile
51391,8,2024-09-15,33.27,completed,web
51392,89,2025-02-20,114.44,completed,mobile
51393,102,2025-05-26,24.94,completed,web
51394,62,2024-03-24,159.1,completed,web
51395,515,2024-06-19,53.58,cancelled,web
51396,96,2025-03-04,44.32,pending,store
51397,93,2025-11-23,33.36,completed,mobile
51398,22,2025-06-19,214.49,refunded,web
51399,78,2025-04-18,29.08,refunded,mobile
51400,110,2024-06-17,67.25,completed,web
51401,23,2024-03-09,78.8,completed,mobile
51402,43,2025-10-01,51.72,completed,mobile
51403,114,2025-10-05,36.68,completed,mobile
51404,52,2025-07-28,65.08,completed,mobile
51405,14,2024-10-13,18.63,completed,mobile
51406,76,2025-01-27,18.43,cancelled,mobile
51407,104,2025-09-22,87.06,completed,web
51408,30,2024-04-03,277.72,completed,web
51409,,2024-02-23,44.44,completed,mobile
51410,16,2025-02-06,40.81,pending,web
51411,108,2025-06-27,11.49,completed,store
51412,82,2024-05-26,168.62,pending,mobile
51413,33,2025-07-25,291.64,completed,web
51414,47,2025-11-17,36.97,cancelled,mobile
51415,118,2025-01-26,3.51,completed,web
51416,47,2024-01-06,65.83,completed,store
51417,65,2025-09-13,21.37,refunded,web
51418,6,2024-09-16,38.5,cancelled,mobile
51419,111,2025-04-27,53.15,refunded,mobile
51420,104,2025-01-13,8.03,completed,web
51421,107,2024-02-27,41.05,completed,web
51422,70,2024-07-17,129.21,completed,mobile
51423,109,2024-06-22,228.6,completed,mobile
51424,86,2025-11-14,71.13,cancelled,web
51425,35,2025-03-30,86.99,refunded,mobile
51426,108,2024-11-14,32.85,completed,web
51427,108,2025-08-02,115.08,completed,web
51428,76,2024-01-21,344.12,completed,mobile
51429,59,2024-09-09,22.68,completed,mobile
51430,95,2024-02-24,42.65,completed,web
51431,41,2024-07-11,36.1,completed,web
51432,57,2025-05-16,39.18,refunded,mobile
51433,107,2024-06-23,38.06,completed,store
51434,56,2025-11-29,94.17,refunded,store
51435,71,2024-10-02,28.15,completed,store
51436,67,2024-07-09,51.02,completed,web
51437,49,2024-02-04,40.88,completed,store
51438,2,2025-05-01,27.54,completed,web
51439,46,2025-04-23,71.89,pending,mobile
51440,59,2025-03-21,103.52,completed,web
51441,48,2025-05-09,79.21,completed,mobile
51442,116,2024-04-20,32.79,cancelled,web
51443,4,2024-06-19,83.27,completed,mobile
51444,7,2024-11-12,89.79,completed,web
51445,22,2025-11-05,39.84,completed,store
51446,56,2024-09-07,17.56,completed,web
51447,21,2025-04-27,61.55,completed,store
51448,86,2025-04-19,194.25,completed,web
51449,41,2024-05-16,43.95,completed,mobile
51450,94,2025-09-03,46.21,pending,mobile
51451,522,2024-08-28,40.89,completed,mobile
51452,97,2024-03-20,69.85,completed,web
51453,39,2024-12-13,44.43,completed,web
51454,50,2025-05-07,47.63,refunded,mobile
51455,14,2024-03-25,23.61,refunded,store
51456,103,2024-06-13,29.36,pending,mobile
51457,2,2025-11-17,29.17,completed,web
51458,95,2025-09-10,55.35,refunded,web
51459,69,2024-04-24,58.85,refunded,web
51460,1,2025-08-27,26.37,cancelled,mobile
51461,59,2025-04-20,38.0,pending,web
51462,7,2025-01-13,31.65,completed,mobile
51463,4,2024-07-02,32.55,pending,web
51464,82,2024-04-24,43.99,refunded,web
51465,23,2024-04-06,28.86,pending,web
51466,36,2025-04-14,78.62,refunded,mobile
51467,73,2024-03-19,41.97,cancelled,store
51468,82,2024-04-13,102.46,completed,web
51469,96,2025-10-30,80.19,pending,store
51470,102,2024-09-24,72.01,refunded,mobile
51471,48,2024-08-08,107.26,refunded,mobile
51472,24,2025-11-18,18.15,completed,mobile
51473,,2025-02-28,74.9,pending,mobile
51474,82,2024-08-14,13.75,completed,web
51475,37,2025-09-15,173.65,refunded,mobile
51476,70,2025-07-25,18.58,completed,mobile
51477,20,2025-05-25,13.52,refunded,web
51478,52,2025-08-08,62.59,completed,mobile
51479,68,2024-10-25,106.37,pending,web
51480,80,2025-10-01,37.32,completed,mobile
51481,37,2025-05-17,171.23,cancelled,web
51482,78,2024-05-06,25.74,completed,mobile
51483,23,2025-02-14,61.11,completed,web
51484,77,2025-01-06,96.14,refunded,store
51485,98,2025-05-29,59.47,pending,web
51486,60,2025-04-05,415.31,refunded,web
51487,117,2025-08-17,38.1,cancelled,web
51488,79,2024-03-23,93.88,completed,web
51489,32,2025-10-02,52.19,completed,web
51490,77,2025-10-31,39.24,completed,store
51491,21,2024-09-02,135.27,completed,web
51492,4,2025-04-17,45.24,pending,store
51493,102,2025-04-17,54.62,cancelled,mobile
51494,112,2024-06-12,14.32,completed,web
51495,5,2025-02-20,46.37,refunded,mobile
51496,92,2025-10-24,32.44,completed,web
51497,51,2024-02-10,27.03,cancelled,mobile
51498,57,2024-05-07,133.64,completed,mobile
51499,47,2024-12-13,27.39,pending,web
51500,13,2024-03-16,44.29,completed,mobile
51501,44,2025-03-31,34.84,completed,mobile
51502,77,2024-05-23,26.54,completed,store
51503,73,2024-10-25,20.24,cancelled,mobile
51504,61,2025-11-20,16.99,refunded,web
51505,78,2025-01-28,34.52,completed,mobile
51506,19,2024-09-22,36.49,cancelled,web
51507,80,2024-12-18,90.75,cancelled,web
51508,48,2025-05-11,291.31,pending,web
51509,115,2025-11-15,147.09,completed,web
51510,20,2024-05-02,76.7,pending,mobile
51511,82,2025-06-20,44.45,refunded,web
51512,43,2024-10-04,64.52,refunded,mobile
51513,11,2024-02-27,46.38,completed,web
51514,95,2025-10-28,107.3,refunded,web
51515,6,2024-09-29,59.35,completed,mobile
51516,118,2024-05-15,56.54,completed,web
51517,98,2025-04-20,16.55,pending,web
51518,26,2025-08-26,24.28,cancelled,web
51519,56,2024-04-24,97.08,refunded,web
51520,104,2025-04-12,45.35,refunded,web
51521,65,2024-10-17,139.76,cancelled,web
51522,36,2025-05-30,33.19,completed,web
51523,41,2025-06-05,51.86,completed,mobile
51524,87,2025-03-29,26.21,completed,web
51525,14,2024-08-06,36.43,cancelled,web
51526,88,2025-09-16,15.07,completed,web
51527,99,2024-06-24,203.95,completed,web
51528,67,2025-10-31,69.28,refunded,web
51529,120,2024-11-06,41.61,refunded,web
51530,96,2024-11-11,45.62,pending,web
51531,52,2025-02-22,18.23,pending,mobile
51532,3,2024-07-26,12.19,completed,mobile
51533,4,2025-01-26,30.64,completed,mobile
51534,80,2024-10-07,25.6,completed,mobile
51535,93,2024-02-17,106.95,refunded,web
51536,36,2025-08-23,44.58,refunded,web
51537,69,2024-10-18,93.63,refunded,web
51538,20,2025-08-26,37.84,completed,web
51539,42,2025-11-07,25.95,completed,mobile
51540,18,2024-03-10,329.47,refunded,web
51541,110,2025-04-01,86.42,completed,web
51542,59,2024-07-22,131.03,completed,mobile
51543,,2025-02-24,31.61,completed,mobile
51544,8,2025-06-08,35.7,completed,store
51545,112,2025-07-05,53.12,refunded,web
51546,10,2025-07-25,130.82,cancelled,mobile
51547,12,2025-04-24,264.36,pending,mobile
51548,60,2024-06-04,69.18,refunded,mobile
51549,59,2025-03-18,140.99,completed,web
51550,107,2024-01-09,27.13,completed,store
51551,75,2024-11-30,62.57,completed,mobile
51552,74,2025-08-13,32.34,completed,mobile
51553,109,2024-05-10,198.13,completed,store
51554,119,2024-08-01,32.46,completed,web
51555,118,2024-12-29,48.82,pending,mobile
51556,16,2024-06-28,55.88,cancelled,web
51557,97,2025-05-15,94.34,completed,web
51558,27,2025-06-03,41.5,completed,store
51559,551,2024-04-12,129.96,refunded,web
51560,90,2025-10-21,56.35,pending,mobile
51561,8,2024-08-02,263.91,completed,mobile
51562,106,2024-06-25,20.38,completed,mobile
51563,104,2025-01-08,20.49,completed,web
51564,48,2024-09-28,65.56,completed,web
51565,114,2024-05-27,34.93,cancelled,web
51566,511,2025-03-05,6.48,cancelled,web
51567,110,2025-10-14,119.58,completed,mobile
51568,47,2025-11-15,99.89,refunded,mobile
51569,74,2024-08-12,60.97,completed,web
51570,11,2025-02-17,23.94,completed,web
51571,24,2024-11-04,91.05,cancelled,store
51572,35,2024-05-14,36.55,completed,mobile
51573,120,2025-01-29,138.99,completed,web
51574,82,2024-08-31,26.37,cancelled,web
51575,110,2025-10-05,49.77,pending,web
51576,36,2025-06-10,138.75,completed,web
51577,104,2025-07-16,50.88,completed,mobile
51578,34,2025-01-09,48.91,cancelled,web
51579,30,2024-04-23,23.68,pending,web
51580,11,2025-05-31,172.38,completed,mobile
51581,29,2024-07-22,92.46,cancelled,mobile
51582,73,2025-06-21,13.26,cancelled,web
51583,68,2024-06-11,27.14,refunded,store
51584,29,2024-06-04,205.75,pending,store
51585,36,2025-02-14,51.73,completed,web
51586,33,2025-11-15,18.36,completed,web
51587,21,2024-09-05,45.21,pending,web
51588,25,2024-12-24,42.44,completed,web
51589,16,2025-06-20,11.47,pending,web
51590,57,2024-05-07,63.71,completed,web
51591,97,2024-12-15,20.99,pending,mobile
51592,113,2025-05-13,88.77,completed,web
51593,94,2025-09-05,110.13,refunded,web
51594,90,2025-03-07,74.05,refunded,mobile
51595,46,2024-04-13,99.88,cancelled,web
51596,76,2024-09-29,109.09,cancelled,web
51597,67,2025-11-14,35.52,cancelled,mobile
51598,83,2025-08-12,22.03,refunded,store
51599,54,2024-02-10,19.09,pending,mobile
51600,67,2025-02-12,186.41,pending,mobile
51601,4,2024-07-04,277.21,completed,web
51602,88,2024-09-11,12.11,completed,web
51603,82,2024-06-13,8.59,cancelled,mobile
51604,95,2024-12-22,89.55,pending,store
51605,43,2025-07-05,462.09,completed,web
51606,40,2024-04-02,73.4,pending,mobile
51607,97,2024-09-28,149.72,completed,mobile
51608,115,2024-06-12,146.78,completed,web
51609,40,2025-10-19,78.46,cancelled,web
51610,80,2024-07-22,99.61,completed,mobile
51611,51,2025-01-29,27.14,completed,web
51612,29,2024-02-11,35.22,completed,web
51613,29,2024-08-12,33.8,refunded,mobile
51614,,2024-01-22,149.75,pending,web
51615,71,2024-07-15,23.56,cancelled,web
51616,74,2025-01-31,186.27,completed,mobile
51617,34,2025-01-08,36.31,refunded,web
51618,111,2024-09-09,151.96,completed,store
51619,101,2025-05-02,57.84,cancelled,web
51620,45,2025-10-22,31.48,completed,web
51621,57,2025-03-22,15.43,refunded,web
51622,45,2024-05-31,20.38,refunded,web
51623,33,2024-01-29,100.66,refunded,mobile
51624,18,2024-08-08,76.85,refunded,mobile
51625,43,2025-06-04,65.45,completed,store
51626,79,2025-01-01,96.14,completed,mobile
51627,68,2024-06-14,85.75,cancelled,mobile
51628,23,2024-01-31,84.05,completed,web
51629,13,2025-08-10,138.54,pending,web
51630,61,2024-12-17,27.91,completed,mobile
51631,113,2024-04-02,25.32,completed,web
51632,83,2024-12-13,50.52,completed,web
51633,78,2025-07-24,19.58,completed,web
51634,,2024-11-09,105.32,completed,web
51635,80,2025-07-02,29.16,refunded,store
51636,77,2024-06-30,107.03,completed,mobile
51637,57,2024-02-09,88.83,completed,store
51638,14,2024-07-03,63.93,completed,web
51639,78,2025-09-19,217.6,pending,mobile
51640,15,2024-03-08,37.65,completed,store
51641,63,2025-02-17,211.39,refunded,mobile
51642,108,2025-06-16,9.7,cancelled,mobile
51643,90,2025-02-07,156.02,completed,web
51644,58,2024-10-26,168.88,pending,web
51645,,2025-07-28,52.57,pending,store
51646,99,2025-12-01,100.88,completed,web
51647,12,2025-08-24,126.85,completed,mobile
51648,95,2024-01-29,21.17,completed,web
51649,69,2025-12-01,56.97,completed,mobile
51650,6,2024-04-11,50.57,completed,mobile
51651,10,2025-05-22,16.62,completed,web
51652,49,2024-04-29,7.16,completed,store
51653,50,2025-01-15,151.14,completed,web
51654,32,2024-09-21,143.31,cancelled,mobile
51655,116,2024-07-28,151.59,completed,web
51656,53,2024-07-13,134.62,cancelled,web
51657,89,2025-04-04,9.56,completed,mobile
51658,15,2025-05-15,13.94,completed,store
51659,33,2025-02-11,35.17,cancelled,web
51660,98,2024-07-25,238.52,pending,web
51661,67,2025-04-25,52.73,completed,mobile
51662,24,2024-03-10,20.51,pending,mobile
51663,57,2024-02-12,88.1,completed,mobile
51664,93,2025-08-05,109.91,completed,web
51665,26,2024-02-27,45.28,completed,mobile
51666,29,2024-07-18,23.14,completed,store
51667,9,2025-09-08,59.98,completed,mobile
51668,41,2024-03-07,41.18,cancelled,mobile
51669,93,2025-01-14,37.38,completed,mobile
51670,5,2024-03-16,50.39,pending,web
51671,79,2024-08-31,108.68,completed,store
51672,82,2024-06-05,31.38,completed,web
51673,82,2025-02-01,44.86,completed,web
51674,59,2025-07-08,12.63,completed,store
51675,54,2025-04-16,100.7,pending,web
51676,44,2025-02-12,17.49,completed,web
51677,25,2025-11-06,104.67,pending,mobile
51678,98,2025-01-18,71.31,completed,web
51679,70,2024-11-03,136.73,completed,web
51680,71,2025-11-06,38.49,completed,store
51681,4,2025-01-30,61.48,refunded,mobile
51682,99,2025-02-15,94.6,completed,web
51683,60,2024-05-13,115.13,cancelled,store
51684,79,2025-10-05,296.74,completed,web
51685,2,2024-02-24,41.68,completed,web
51686,20,2024-11-10,119.08,completed,mobile
51687,107,2024-12-12,82.93,completed,mobile
51688,21,2024-06-04,31.28,cancelled,web
51689,72,2025-04-25,81.9,completed,store
51690,85,2025-03-31,156.29,pending,web
51691,3,2025-01-06,248.1,completed,web
51692,3,2025-11-18,127.9,completed,store
51693,9,2025-10-01,33.76,completed,web
51694,120,2025-11-15,16.32,completed,mobile
51695,101,2025-09-09,220.44,cancelled,store
51696,54,2025-01-08,102.92,completed,store
51697,116,2025-05-16,39.74,refunded,web
51698,40,2025-03-19,39.42,refunded,web
51699,11,2024-02-02,108.02,completed,web
51700,26,2025-01-24,32.01,completed,mobile
51701,43,2025-06-08,44.45,completed,mobile
51702,71,2024-10-15,77.92,cancelled,store
51703,3,2024-04-19,34.62,completed,web
51704,103,2024-03-30,223.86,completed,mobile
51705,112,2025-10-08,79.19,refunded,store
51706,24,2024-04-03,22.14,cancelled,web
51707,105,2025-05-22,65.95,completed,mobile
51708,76,2024-03-03,46.05,completed,web
51709,26,2025-07-09,62.53,completed,mobile
51710,10,2024-11-25,88.58,pending,mobile
51711,76,2025-02-26,55.34,pending,web
51712,45,2025-06-27,79.24,completed,web
51713,9,2024-03-02,142.4,completed,mobile
51714,116,2024-01-13,17.14,completed,mobile
51715,78,2024-03-08,79.03,completed,web
51716,96,2025-01-14,54.5,completed,mobile
51717,96,2025-08-24,11.54,pending,web
51718,60,2025-02-16,32.28,pending,web
51719,95,2025-03-05,107.72,refunded,web
51720,584,2024-06-25,51.65,completed,web
51721,51,2025-07-16,36.59,cancelled,mobile
51722,56,2024-06-12,51.66,completed,store
51723,9,2025-05-03,65.57,cancelled,store
51724,103,2025-05-17,19.56,completed,web
51725,40,2025-03-15,81.94,cancelled,web
51726,93,2024-05-11,17.25,pending,web
51727,42,2024-11-16,398.9,pending,mobile
51728,72,2024-12-05,179.34,refunded,mobile
51729,31,2024-09-12,52.91,completed,web
51730,113,2024-05-31,66.43,pending,web
51731,116,2024-09-29,19.4,completed,mobile
51732,36,2025-01-07,19.94,completed,web
51733,80,2024-05-29,52.85,cancelled,web
51734,104,2025-09-03,67.87,completed,mobile
51735,25,2025-05-31,11.99,pending,mobile
51736,,2024-05-27,78.48,completed,web
51737,117,2025-04-02,82.5,cancelled,web
51738,41,2024-10-07,50.4,cancelled,web
51739,21,2024-11-26,181.0,completed,web
51740,107,2025-07-17,16.07,completed,web
51741,42,2024-02-05,74.43,cancelled,web
51742,66,2024-05-15,51.09,completed,web
51743,67,2024-08-28,21.53,completed,web
51744,53,2024-03-12,53.29,cancelled,web
51745,102,2024-06-07,58.97,completed,web
51746,15,2024-09-24,108.68,pending,web
51747,29,2024-06-05,35.52,refunded,mobile
51748,3,2024-10-23,52.76,refunded,web
51749,9,2025-08-26,53.56,completed,mobile
51750,48,2024-06-17,45.75,completed,store
51751,96,2024-09-29,64.57,completed,mobile
51752,97,2024-12-08,34.89,pending,web
51753,78,2025-11-18,56.2,completed,web
51754,50,2024-07-29,19.74,refunded,web
51755,89,2025-08-30,112.76,completed,mobile
51756,30,2024-09-15,105.86,refunded,web
51757,42,2025-02-04,65.23,pending,web
51758,77,2025-11-14,109.23,cancelled,web
51759,1,2025-09-26,40.64,completed,web
51760,48,2024-07-14,42.2,refunded,web
51761,99,2024-05-02,36.91,completed,web
51762,82,2025-11-29,30.73,refunded,mobile
51763,508,2024-06-05,27.42,pending,web
51764,64,2025-04-21,61.38,completed,store
51765,113,2024-10-15,81.48,completed,web
51766,35,2024-07-11,27.1,completed,store
51767,6,2025-03-21,72.92,completed,mobile
51768,96,2025-01-07,21.15,pending,mobile
51769,48,2025-01-15,111.97,completed,mobile
51770,45,2025-08-17,41.72,completed,mobile
51771,19,2025-05-21,84.16,pending,web
51772,33,2024-12-06,46.72,refunded,web
51773,6,2025-10-02,24.87,refunded,mobile
51774,21,2025-08-10,13.49,completed,mobile
51775,113,2025-05-28,62.4,cancelled,web
51776,120,2024-06-17,165.04,completed,web
51777,42,2025-01-17,61.36,refunded,mobile
51778,29,2025-02-21,17.76,completed,mobile
51779,115,2024-01-01,129.85,completed,mobile
51780,40,2025-02-19,37.96,refunded,web
51781,105,2024-01-17,7.05,completed,web
51782,58,2025-03-08,37.87,completed,web
51783,76,2025-10-12,65.02,pending,store
51784,64,2024-02-01,27.76,pending,mobile
51785,99,2025-08-24,71.53,refunded,web
51786,4,2025-05-14,82.57,completed,mobile
51787,11,2025-10-08,168.9,refunded,web
51788,78,2024-02-05,30.65,refunded,store
51789,28,2024-04-07,171.25,cancelled,web
51790,36,2025-02-01,140.64,refunded,web
51791,75,2025-06-13,47.81,completed,store
51792,6,2024-12-05,38.82,completed,web
51793,63,2025-01-31,437.56,completed,mobile
51794,6,2024-08-16,26.16,pending,web
51795,57,2024-04-28,64.26,completed,mobile
51796,588,2025-01-12,68.03,pending,web
51797,56,2025-03-08,282.3,pending,web
51798,118,2024-05-20,28.23,cancelled,web
51799,26,2025-07-13,42.49,completed,store
51800,85,2025-02-27,29.37,refunded,mobile
51801,2,2025-06-06,87.66,refunded,web
51802,517,2024-11-23,93.82,pending,web
51803,28,2025-02-01,67.18,completed,web
51804,17,2024-05-28,255.78,cancelled,web
51805,81,2025-10-02,42.09,completed,web
51806,97,2024-11-24,36.43,completed,mobile
51807,17,2025-06-05,270.83,refunded,web
51808,77,2025-05-24,110.17,completed,web
51809,72,2024-05-29,34.77,refunded,mobile
51810,118,2025-07-02,366.23,pending,mobile
51811,50,2025-08-26,85.85,cancelled,web
51812,44,2025-05-16,65.44,refunded,web
51813,35,2025-08-31,56.19,completed,store
51814,73,2024-11-09,27.78,refunded,web
51815,34,2025-11-16,148.62,completed,mobile
51816,89,2025-01-05,109.23,completed,mobile
51817,75,2024-04-30,70.42,refunded,mobile
51818,24,2025-05-23,40.46,refunded,web
51819,73,2024-12-15,14.75,completed,web
51820,49,2025-02-06,64.62,cancelled,web
51821,35,2025-03-13,78.73,completed,web
51822,50,2024-05-23,26.36,completed,web
51823,9,2025-07-15,57.91,completed,store
51824,88,2024-02-10,203.67,completed,web
51825,80,2024-10-18,47.8,cancelled,mobile
51826,97,2025-07-19,41.28,completed,mobile
51827,41,2024-06-24,17.67,completed,web
51828,95,2024-10-03,91.43,completed,mobile
51829,29,2025-09-16,30.27,completed,web
51830,1,2024-11-11,27.68,pending,web
51831,30,2024-03-24,42.95,completed,mobile
51832,50,2025-01-24,14.64,pending,mobile
51833,68,2024-01-22,54.4,pending,mobile
51834,48,2024-03-20,89.03,pending,web
51835,52,2024-11-17,40.66,refunded,web
51836,30,2025-04-25,70.84,completed,web
51837,546,2025-01-25,15.79,pending,store
51838,12,2024-12-22,29.23,completed,web
51839,22,2025-08-22,92.52,completed,mobile
51840,49,2024-08-22,172.75,completed,web
51841,56,2024-07-09,30.76,cancelled,web
51842,112,2024-02-23,88.96,refunded,web
51843,71,2025-03-09,116.05,completed,mobile
51844,10,2024-04-13,11.55,cancelled,web
51845,60,2025-01-12,80.17,completed,web
51846,2,2024-06-24,121.26,completed,mobile
51847,115,2024-05-18,21.88,completed,web
51848,78,2025-08-10,117.69,pending,web
51849,15,2024-06-14,125.51,completed,store
51850,,2025-05-16,83.75,cancelled,mobile
51851,114,2025-10-24,148.49,cancelled,mobile
51852,108,2024-09-14,57.85,cancelled,store
51853,17,2024-07-30,95.94,pending,web
51854,39,2024-11-18,50.67,completed,web
51855,82,2025-04-05,153.79,completed,web
51856,,2025-03-25,29.97,refunded,web
51857,113,2024-05-13,47.97,completed,store
51858,119,2025-01-18,16.15,pending,store
51859,112,2025-09-04,10.18,cancelled,web
51860,120,2025-05-05,21.27,completed,store
51861,,2025-07-29,23.18,completed,web
51862,43,2025-04-16,39.2,completed,web
51863,67,2025-03-24,106.19,cancelled,web
51864,100,2025-08-02,22.95,refunded,mobile
51865,35,2024-07-20,20.85,pending,web
51866,6,2024-05-16,19.41,pending,mobile
51867,114,2025-07-14,258.72,completed,web
51868,22,2025-05-20,9.96,completed,mobile
51869,48,2024-09-21,70.0,refunded,web
51870,86,2024-06-08,241.23,cancelled,mobile
51871,36,2024-09-08,52.67,cancelled,web
51872,93,2024-02-22,140.09,completed,web
51873,19,2024-08-12,114.32,completed,store
51874,90,2025-01-06,44.16,cancelled,web
51875,11,2025-09-30,37.21,completed,mobile
51876,119,2025-03-22,42.88,pending,web
51877,4,2025-01-14,26.35,pending,store
51878,51,2025-02-19,47.79,completed,mobile
51879,22,2025-09-04,36.43,completed,web
51880,11,2024-01-09,22.35,completed,store
51881,102,2025-10-25,52.28,completed,store
51882,47,2024-12-31,71.19,completed,store
51883,43,2025-08-19,138.05,completed,mobile
51884,79,2024-03-14,107.36,completed,web
51885,110,2025-10-20,125.19,pending,mobile
51886,89,2025-02-06,252.88,refunded,web
51887,58,2025-06-05,24.17,pending,web
51888,120,2024-11-12,74.22,pending,web
51889,20,2024-03-01,63.11,completed,store
51890,17,2024-03-16,33.94,completed,mobile
51891,92,2025-02-23,11.62,refunded,mobile
51892,76,2024-08-02,292.3,completed,web
51893,25,2024-02-20,35.01,pending,web
51894,51,2024-11-27,36.64,refunded,store
51895,55,2025-08-03,105.41,completed,store
51896,54,2024-12-08,20.97,completed,store
51897,93,2024-02-09,159.48,refunded,web
51898,79,2024-01-03,10.95,refunded,mobile
51899,36,2025-06-25,72.94,refunded,mobile
51900,59,2025-08-28,63.37,pending,web
51901,508,2025-04-30,124.54,pending,store
51902,78,2024-11-18,102.33,completed,web
51903,84,2024-08-22,97.92,pending,web
51904,68,2024-08-15,180.69,pending,web
51905,7,2024-10-07,91.06,pending,web
51906,112,2025-10-17,336.03,refunded,web
51907,75,2025-11-08,77.21,completed,store
51908,50,2024-12-02,13.89,completed,mobile
51909,11,2024-09-08,19.5,refunded,web
51910,21,2024-07-27,92.14,completed,web
51911,70,2025-10-16,394.12,completed,store
51912,15,2024-12-11,117.02,completed,web
51913,79,2024-03-26,43.34,completed,web
51914,25,2024-09-13,25.83,cancelled,mobile
51915,69,2025-10-08,39.31,pending,mobile
51916,56,2025-06-08,107.04,completed,web
51917,82,2025-08-23,80.41,refunded,web
51918,85,2025-05-21,63.72,completed,mobile
51919,26,2024-02-07,50.96,completed,web
51920,86,2025-10-26,21.33,completed,store
51921,111,2024-05-17,187.54,cancelled,mobile
51922,76,2025-05-21,64.99,completed,web
51923,104,2025-10-15,37.05,pending,web
51924,110,2024-11-03,257.23,completed,web
51925,109,2024-03-17,162.23,pending,web
51926,39,2024-01-27,155.07,refunded,web
51927,18,2025-09-09,64.16,completed,web
51928,34,2024-11-21,109.17,completed,mobile
51929,11,2024-10-10,17.32,cancelled,store
51930,11,2025-07-16,111.84,refunded,web
51931,115,2024-02-11,5.77,completed,mobile
51932,35,2024-05-20,63.07,pending,web
51933,104,2025-07-08,27.62,cancelled,store
51934,32,2024-06-21,75.68,completed,web
51935,94,2024-06-22,383.95,refunded,mobile
51936,534,2025-08-13,372.57,completed,web
51937,31,2024-08-04,71.53,cancelled,web
51938,18,2025-08-27,40.21,completed,web
51939,110,2025-03-06,22.09,completed,store
51940,52,2024-09-16,105.52,refunded,mobile
51941,86,2024-02-11,32.35,completed,mobile
51942,88,2024-08-11,37.82,completed,mobile
51943,92,2024-01-15,45.07,pending,web
51944,93,2024-05-06,121.13,pending,web
51945,67,2025-03-30,290.68,completed,web
51946,46,2025-11-12,256.3,pending,web
51947,36,2024-09-15,16.67,completed,web
51948,15,2024-05-24,37.2,completed,web
51949,98,2025-08-23,49.63,completed,web
51950,89,2025-05-03,137.75,pending,web
51951,116,2024-08-28,77.02,cancelled,mobile
51952,120,2024-10-01,107.23,refunded,web
51953,111,2024-11-13,127.76,completed,store
51954,33,2025-11-15,229.5,completed,mobile
51955,541,2025-07-21,45.71,pending,web
51956,14,2025-03-11,8.53,cancelled,web
51957,52,2025-09-08,63.3,pending,web
51958,26,2024-11-28,20.13,pending,mobile
51959,69,2024-08-21,43.36,refunded,web
51960,73,2024-08-24,47.65,pending,web
51961,95,2025-11-28,82.17,completed,web
51962,13,2024-01-12,153.25,completed,mobile
51963,114,2024-08-02,65.35,completed,mobile
51964,69,2024-09-03,65.03,refunded,mobile
51965,119,2024-08-09,16.86,completed,store
51966,545,2025-04-08,60.23,refunded,web
51967,81,2025-11-14,36.75,completed,web
51968,6,2024-07-19,98.97,completed,web
51969,85,2025-09-25,116.2,refunded,mobile
51970,98,2025-03-18,165.92,completed,web
51971,5,2025-12-01,129.37,completed,mobile
51972,28,2025-03-01,26.03,completed,web
51973,67,2025-11-24,85.99,cancelled,store
51974,118,2024-12-03,106.56,cancelled,mobile
51975,73,2025-04-04,41.2,pending,web
51976,34,2024-01-21,29.12,cancelled,web
51977,12,2024-04-28,89.59,completed,web
51978,90,2024-04-25,63.1,refunded,mobile
51979,95,2024-02-24,57.79,completed,mobile
51980,31,2025-06-04,171.56,completed,web
51981,71,2025-06-21,58.79,completed,mobile
51982,106,2025-03-13,50.13,completed,mobile
51983,29,2024-04-01,58.54,completed,web
51984,82,2024-11-25,45.65,completed,web
51985,,2025-11-11,415.73,refunded,web
51986,42,2025-10-14,62.58,completed,web
51987,104,2025-07-05,68.59,refunded,mobile
51988,,2024-12-27,23.75,cancelled,mobile
51989,97,2024-06-12,77.12,pending,web
51990,67,2024-03-19,24.21,completed,web
51991,61,2025-03-21,51.94,completed,web
51992,34,2025-01-21,38.77,completed,mobile
51993,36,2025-02-18,44.55,pending,web
51994,35,2024-11-25,44.7,completed,mobile
51995,101,2024-02-12,59.13,pending,web
51996,27,2025-09-08,176.84,cancelled,web
51997,3,2025-10-13,57.0,completed,web
51998,7,2025-02-05,25.42,cancelled,store
51999,533,2025-10-21,52.84,cancelled,web
52000,92,2025-06-25,78.17,completed,web
52001,9,2025-02-13,69.85,completed,mobile
52002,83,2024-11-10,46.52,completed,store
52003,97,2025-01-12,442.04,pending,web
52004,40,2024-09-14,105.94,refunded,web
52005,46,2025-01-17,17.84,completed,mobile
52006,48,2025-11-30,31.04,refunded,web
52007,11,2024-11-11,45.61,completed,mobile
52008,105,2024-01-24,238.28,completed,web
52009,90,2024-07-01,106.16,refunded,store
52010,60,2024-03-04,80.13,completed,mobile
52011,8,2024-10-25,8.97,completed,web
52012,68,2024-11-18,305.95,completed,web
52013,92,2025-06-22,36.49,completed,mobile
52014,78,2024-09-03,78.94,completed,web
52015,18,2024-11-26,47.42,completed,store
52016,118,2025-06-01,48.09,pending,web
52017,65,2025-07-19,107.29,completed,web
52018,24,2024-01-28,355.29,completed,mobile
52019,43,2025-05-24,33.76,cancelled,web
52020,93,2024-01-04,311.89,pending,web
52021,102,2024-02-29,11.48,completed,store
52022,82,2024-10-20,24.39,completed,web
52023,62,2024-01-28,91.69,pending,web
52024,105,2024-08-08,74.77,completed,web
52025,36,2025-03-04,23.84,completed,mobile
52026,110,2024-05-13,57.31,refunded,web
52027,47,2024-12-11,2.5,refunded,web
52028,89,2024-05-11,27.16,completed,store
52029,112,2025-06-16,131.48,pending,store
52030,12,2024-01-28,32.26,completed,web
52031,96,2024-06-28,92.12,completed,web
52032,105,2025-07-17,18.56,pending,mobile
52033,63,2025-07-28,69.77,completed,store
52034,107,2024-02-11,24.41,cancelled,web
52035,68,2024-07-17,40.41,refunded,store
52036,95,2024-05-19,46.01,refunded,web
52037,93,2024-04-14,85.12,refunded,web
52038,106,2025-01-12,22.36,cancelled,web
52039,3,2025-04-08,7.39,refunded,mobile
52040,81,2025-10-01,64.71,refunded,web
52041,71,2025-09-06,165.16,pending,web
52042,67,2025-07-02,145.87,refunded,store
52043,32,2025-08-01,54.65,cancelled,mobile
52044,110,2024-06-28,8.67,pending,web
52045,72,2024-02-26,34.9,cancelled,web
52046,51,2025-04-13,16.01,refunded,web
52047,72,2024-08-21,56.68,refunded,mobile
52048,117,2024-09-06,183.31,refunded,store
52049,536,2024-01-04,9.87,cancelled,web
52050,4,2024-05-30,30.66,cancelled,mobile
52051,56,2024-04-05,106.66,pending,web
52052,81,2024-08-09,13.94,pending,web
52053,107,2024-05-29,409.89,completed,mobile
52054,119,2024-09-14,45.9,cancelled,mobile
52055,40,2024-10-05,66.13,completed,mobile
52056,22,2024-08-17,57.44,pending,web
52057,8,2025-01-31,54.93,refunded,web
52058,79,2024-01-27,60.62,completed,web
52059,81,2024-11-25,18.22,completed,store
52060,67,2025-08-19,66.35,completed,web
52061,36,2025-05-22,44.0,pending,web
52062,92,2024-05-23,219.3,pending,mobile
52063,77,2024-01-20,59.68,pending,mobile
52064,106,2025-01-28,224.3,completed,mobile
52065,586,2025-06-30,24.41,completed,store
52066,120,2024-06-24,41.68,completed,web
52067,27,2024-06-17,72.37,completed,web
52068,15,2025-03-08,24.9,refunded,web
52069,60,2025-08-10,166.22,completed,web
52070,10,2025-07-12,36.49,completed,mobile
52071,22,2024-11-26,39.89,completed,web
52072,37,2024-08-30,43.76,completed,web
52073,69,2024-05-25,54.54,completed,web
52074,107,2024-04-04,115.76,completed,mobile
52075,34,2025-03-05,19.01,refunded,mobile
52076,101,2025-09-13,37.57,completed,store
52077,70,2024-04-27,101.18,refunded,store
52078,,2025-04-05,150.26,refunded,mobile
52079,52,2024-05-01,43.56,pending,store
52080,64,2025-02-18,62.71,completed,web
52081,1,2024-05-27,15.54,completed,mobile
52082,12,2025-11-26,128.89,completed,mobile
52083,58,2024-09-28,46.38,completed,mobile
52084,99,2024-03-15,65.37,refunded,web
52085,56,2025-07-08,27.68,completed,store
52086,17,2024-02-08,38.59,refunded,mobile
52087,65,2025-10-25,22.32,cancelled,mobile
52088,9,2024-10-17,30.04,cancelled,web
52089,104,2024-02-06,90.9,completed,store
52090,31,2025-02-15,47.17,cancelled,mobile
52091,85,2025-09-22,48.77,completed,store
52092,9,2025-11-10,214.12,cancelled,web
52093,70,2025-09-30,66.22,pending,mobile
52094,20,2024-05-12,29.38,pending,store
52095,5,2025-06-28,31.27,pending,mobile
52096,88,2024-08-31,29.11,completed,mobile
52097,112,2025-02-03,34.59,refunded,web
52098,5,2024-05-07,8.46,completed,web
52099,24,2025-02-06,49.67,completed,web
52100,105,2024-07-09,94.72,completed,mobile
52101,95,2024-10-02,108.18,cancelled,store
52102,44,2024-09-23,31.9,completed,mobile
52103,120,2024-12-17,14.45,completed,mobile
52104,101,2024-04-14,55.41,pending,web
52105,4,2025-05-16,102.64,cancelled,web
52106,79,2025-05-14,95.45,completed,web
52107,25,2025-09-30,9.9,cancelled,mobile
52108,10,2024-04-25,245.93,completed,web
52109,67,2024-12-07,64.3,completed,web
52110,47,2024-11-10,23.33,completed,web
52111,42,2024-08-09,92.45,completed,mobile
52112,61,2025-06-21,48.79,completed,store
52113,35,2024-06-02,122.23,completed,web
52114,99,2024-02-06,89.1,pending,mobile
52115,16,2025-06-20,52.35,refunded,mobile
52116,97,2024-10-05,41.89,cancelled,mobile
52117,110,2025-02-15,30.89,completed,mobile
52118,117,2025-03-14,3.48,cancelled,mobile
52119,102,2025-07-05,48.42,completed,web
52120,91,2024-12-11,22.79,refunded,mobile
52121,47,2024-11-20,29.35,completed,store
52122,117,2024-03-25,121.1,completed,web
52123,120,2024-02-10,42.89,refunded,store
52124,10,2024-05-14,180.23,completed,mobile
52125,112,2024-08-01,18.32,completed,mobile
52126,82,2025-07-22,162.72,completed,web
52127,109,2025-09-23,36.15,refunded,web
52128,64,2024-08-15,18.01,pending,mobile
52129,38,2024-06-02,82.57,cancelled,store
52130,91,2025-01-12,24.46,completed,mobile
52131,104,2024-05-16,32.78,refunded,web
52132,40,2024-03-01,24.73,completed,web
52133,27,2025-04-19,33.67,pending,web
52134,91,2025-04-11,30.72,completed,web
52135,42,2025-01-06,61.76,completed,web
52136,111,2024-02-03,28.01,cancelled,mobile
52137,110,2025-04-09,33.09,completed,mobile
52138,51,2024-07-05,70.61,pending,mobile
52139,26,2024-08-10,137.22,completed,web
52140,73,2024-08-07,195.15,cancelled,web
52141,39,2025-07-17,36.57,completed,mobile
52142,110,2024-07-27,37.06,refunded,mobile
52143,95,2025-05-19,6.44,completed,web
52144,3,2024-09-24,192.78,pending,mobile
52145,93,2025-04-02,147.46,cancelled,web
52146,24,2025-03-26,49.55,pending,mobile
52147,28,2024-11-30,210.89,completed,web
52148,104,2024-04-10,23.62,refunded,mobile
52149,111,2024-07-11,25.34,cancelled,mobile
52150,88,2025-06-15,56.66,pending,web
52151,27,2025-01-16,79.82,completed,mobile
52152,51,2024-02-11,29.9,completed,web
52153,50,2025-08-09,184.08,completed,web
52154,45,2024-06-15,230.19,completed,web
52155,20,2024-06-20,246.34,cancelled,mobile
52156,,2025-05-04,55.57,completed,store
52157,74,2025-04-26,54.57,completed,web
52158,7,2024-06-04,28.07,refunded,store
52159,59,2025-11-07,30.15,refunded,mobile
52160,15,2025-02-16,22.43,cancelled,mobile
52161,120,2025-09-29,86.3,completed,mobile
52162,56,2024-08-01,63.76,pending,mobile
52163,86,2025-06-17,38.35,completed,web
52164,72,2025-10-02,86.79,completed,mobile
52165,42,2024-06-02,68.37,completed,mobile
52166,76,2025-01-10,165.58,pending,mobile
52167,9,2025-11-01,113.24,completed,web
52168,89,2024-01-18,92.07,pending,web
52169,36,2025-01-02,63.91,pending,web
52170,119,2024-01-28,37.36,refunded,mobile
52171,4,2025-05-08,161.77,completed,mobile
52172,62,2025-05-21,37.02,cancelled,web
52173,93,2024-03-28,26.4,completed,web
52174,17,2024-10-15,124.64,completed,web
52175,34,2024-06-11,248.3,refunded,web
52176,90,2024-10-19,18.06,pending,store
52177,73,2025-10-17,48.29,completed,mobile
52178,48,2025-11-24,101.76,completed,web
52179,23,2024-09-14,52.81,completed,web
52180,1,2025-07-22,87.47,completed,web
52181,117,2025-02-26,59.58,pending,web
52182,12,2025-03-09,57.52,cancelled,web
52183,94,2025-04-03,13.39,refunded,web
52184,44,2025-04-19,15.92,pending,web
52185,32,2024-08-22,103.63,cancelled,store
52186,63,2025-02-14,11.01,completed,web
52187,56,2025-06-28,275.72,pending,web
52188,55,2025-05-23,384.22,completed,mobile
52189,21,2025-03-26,149.73,completed,web
52190,75,2024-09-03,271.67,pending,web
52191,8,2025-02-16,47.56,completed,mobile
52192,4,2024-04-29,11.1,refunded,web
52193,117,2024-01-21,89.34,completed,mobile
52194,71,2025-07-30,70.93,completed,web
52195,86,2024-03-08,39.53,completed,mobile
52196,65,2025-08-26,9.61,pending,store
52197,51,2025-06-25,71.48,cancelled,web
52198,16,2025-01-26,99.53,completed,web
52199,49,2024-06-01,30.57,completed,web
52200,74,2024-08-26,415.36,pending,web
52201,95,2025-06-11,100.61,cancelled,mobile
52202,15,2025-04-01,103.46,pending,mobile
52203,85,2024-08-07,49.48,cancelled,mobile
52204,14,2024-02-26,236.48,refunded,web
52205,103,2024-09-22,96.59,refunded,mobile
52206,79,2025-09-01,139.11,cancelled,web
52207,19,2024-03-26,113.09,refunded,mobile
52208,38,2025-06-04,13.72,pending,store
52209,39,2024-06-13,108.33,completed,mobile
52210,95,2025-08-07,3.57,cancelled,web
52211,553,2025-04-30,24.87,completed,mobile
52212,49,2024-11-02,63.66,refunded,mobile
52213,120,2025-05-26,101.57,completed,mobile
52214,55,2025-05-31,8.48,pending,mobile
52215,86,2025-05-03,70.29,completed,mobile
52216,30,2024-09-21,62.37,pending,web
52217,116,2024-09-11,28.28,refunded,mobile
52218,29,2025-01-21,20.84,pending,mobile
52219,110,2025-11-17,70.22,refunded,web
52220,78,2025-10-17,24.27,pending,mobile
52221,93,2025-09-18,47.45,cancelled,web
52222,9,2024-06-05,60.27,completed,web
52223,120,2024-09-05,121.51,cancelled,mobile
52224,1,2025-08-10,30.91,refunded,mobile
52225,79,2025-03-22,26.76,pending,web
52226,97,2025-09-08,66.16,cancelled,mobile
52227,12,2024-08-07,18.48,cancelled,mobile
52228,21,2024-07-28,77.56,completed,web
52229,53,2024-12-15,29.72,completed,web
52230,66,2024-12-06,213.01,completed,web
52231,36,2025-05-22,30.21,completed,web
52232,84,2024-07-16,81.08,cancelled,web
52233,109,2025-05-10,14.75,refunded,web
52234,69,2025-07-13,83.08,refunded,web
52235,52,2025-07-18,26.85,pending,web
52236,67,2024-04-17,497.37,refunded,web
52237,34,2025-09-23,101.69,completed,mobile
52238,75,2025-09-25,60.64,cancelled,web
52239,40,2024-04-02,29.62,completed,mobile
52240,7,2025-09-20,14.46,completed,web
52241,88,2025-01-04,18.68,pending,mobile
52242,8,2025-09-02,69.49,pending,web
52243,41,2025-10-25,17.74,completed,web
52244,77,2025-05-12,92.96,completed,web
52245,75,2024-02-18,33.67,pending,mobile
52246,36,2025-07-24,73.02,pending,web
52247,102,2024-06-14,33.83,completed,web
52248,57,2024-01-30,88.01,completed,mobile
52249,29,2025-06-02,21.2,pending,mobile
52250,110,2025-03-04,39.04,completed,web
52251,43,2024-12-21,130.94,completed,store
52252,16,2024-10-28,7.73,pending,web
52253,113,2025-11-03,51.24,completed,mobile
52254,,2024-10-14,76.62,completed,store
52255,110,2024-09-14,60.39,pending,store
52256,1,2025-07-03,14.21,cancelled,store
52257,62,2025-07-26,16.79,completed,web
52258,101,2024-10-06,45.56,completed,mobile
52259,55,2024-04-23,57.65,pending,web
52260,56,2025-08-25,59.58,completed,store
52261,82,2024-09-28,10.46,refunded,mobile
52262,65,2024-09-16,24.22,completed,web
52263,87,2024-09-17,34.87,refunded,web
52264,95,2024-07-20,28.47,refunded,store
52265,37,2025-09-21,230.04,pending,mobile
52266,80,2024-03-27,26.4,pending,mobile
52267,32,2025-10-22,121.59,pending,web
52268,25,2025-07-22,65.37,completed,store
52269,46,2025-11-01,74.79,completed,mobile
52270,50,2024-02-12,15.6,completed,web
52271,78,2024-08-23,31.15,completed,web
52272,115,2024-08-23,274.85,cancelled,web
52273,112,2025-04-30,55.45,completed,mobile
52274,45,2024-10-12,134.24,pending,web
52275,69,2025-07-01,321.77,pending,mobile
52276,28,2025-07-19,11.03,refunded,mobile
52277,103,2024-11-24,21.44,completed,mobile
52278,65,2024-09-18,152.26,pending,store
52279,68,2024-06-07,67.2,completed,web
52280,90,2025-05-05,77.77,completed,web
52281,12,2025-09-04,274.84,refunded,web
52282,35,2024-07-27,216.28,cancelled,web
52283,67,2025-08-04,90.21,completed,store
52284,85,2024-01-31,23.08,cancelled,web
52285,23,2025-06-11,60.68,completed,web
52286,105,2024-07-08,40.7,completed,web
52287,4,2025-10-08,158.98,refunded,web
52288,50,2025-07-14,23.06,completed,web
52289,12,2024-08-28,123.49,completed,mobile
52290,83,2025-08-26,55.47,pending,web
52291,101,2025-07-17,70.55,completed,web
52292,76,2025-11-23,7.87,completed,web
52293,97,2024-07-05,33.76,refunded,mobile
52294,57,2024-12-05,83.51,completed,web
52295,116,2025-01-14,39.62,completed,mobile
52296,115,2024-08-18,48.7,pending,mobile
52297,119,2024-10-02,115.44,cancelled,mobile
52298,48,2024-07-18,43.54,completed,mobile
52299,49,2025-08-04,63.97,pending,mobile
52300,,2025-03-19,65.12,refunded,mobile
52301,61,2025-11-29,86.01,cancelled,web
52302,4,2025-08-28,46.38,completed,mobile
52303,115,2025-08-31,18.92,refunded,mobile
52304,46,2025-10-08,58.71,completed,web
52305,39,2025-07-20,104.4,cancelled,web
52306,16,2025-04-12,39.04,refunded,web
52307,38,2024-07-08,86.36,refunded,mobile
52308,83,2024-10-14,46.32,completed,web
52309,19,2025-05-03,30.38,pending,web
52310,91,2024-09-27,90.8,completed,web
52311,71,2024-10-27,17.94,completed,web
52312,100,2024-01-03,98.09,completed,web
52313,1,2024-01-19,69.89,refunded,store
52314,53,2024-02-24,50.65,completed,web
52315,111,2024-06-30,57.75,cancelled,web
52316,93,2024-10-13,93.49,cancelled,web
52317,89,2025-04-08,35.22,pending,web
52318,120,2025-01-17,125.89,completed,web
52319,74,2024-01-02,153.1,completed,store
52320,85,2024-07-09,35.9,completed,mobile
52321,30,2025-03-27,12.02,completed,web
52322,60,2025-03-16,83.71,completed,store
52323,33,2025-10-31,16.19,completed,mobile
52324,42,2024-08-20,92.52,cancelled,mobile
52325,53,2025-08-09,31.2,completed,store
52326,99,2024-03-31,55.98,pending,web
52327,40,2024-03-25,8.83,completed,web
52328,43,2024-12-26,179.84,pending,web
52329,24,2024-10-30,105.87,completed,mobile
52330,113,2024-12-11,103.35,cancelled,web
52331,111,2025-07-12,37.72,pending,web
52332,71,2024-09-14,55.2,completed,web
52333,30,2025-10-07,144.63,completed,mobile
52334,43,2025-04-01,89.31,pending,mobile
52335,46,2025-02-10,17.45,refunded,mobile
52336,77,2024-12-07,130.13,completed,web
52337,90,2024-01-29,100.04,completed,web
52338,11,2025-04-18,19.21,completed,mobile
52339,57,2024-02-25,76.01,refunded,web
52340,92,2024-08-27,304.93,completed,web
52341,41,2025-08-02,192.49,completed,web
52342,15,2024-07-06,135.34,refunded,mobile
52343,76,2025-10-10,129.37,pending,web
52344,107,2025-03-29,370.57,pending,mobile
52345,7,2025-08-27,111.37,completed,mobile
52346,107,2024-01-10,146.66,refunded,mobile
52347,39,2024-01-13,25.28,completed,store
52348,113,2024-02-16,56.34,completed,web
52349,70,2025-09-20,160.53,cancelled,mobile
52350,23,2025-01-02,22.25,completed,mobile
52351,44,2025-01-05,46.11,pending,store
52352,73,2024-01-14,77.4,pending,store
52353,117,2024-03-01,19.81,pending,web
52354,6,2024-09-04,75.49,completed,mobile
52355,73,2024-11-10,43.15,completed,web
52356,59,2024-06-09,25.56,completed,web
52357,28,2024-11-16,32.59,cancelled,web
52358,75,2024-07-10,94.73,completed,web
52359,29,2024-04-07,147.85,refunded,web
52360,569,2025-07-23,187.11,completed,web
52361,114,2024-03-31,40.28,completed,mobile
52362,1,2025-11-25,134.61,cancelled,mobile
52363,70,2025-08-02,76.34,pending,web
52364,51,2024-09-03,29.89,completed,mobile
52365,114,2025-04-13,36.77,completed,web
52366,60,2025-09-02,103.93,cancelled,web
52367,25,2024-06-21,81.18,completed,store
52368,68,2025-06-18,67.21,completed,mobile
52369,73,2024-04-18,121.59,completed,mobile
52370,43,2024-03-24,65.86,pending,web
52371,89,2025-07-23,59.38,completed,store
52372,62,2025-09-10,52.67,cancelled,web
52373,113,2024-02-24,8.16,pending,web
52374,7,2024-08-06,78.42,refunded,store
52375,30,2024-06-08,126.44,refunded,store
52376,96,2025-03-07,80.58,refunded,web
52377,17,2024-01-14,12.38,completed,web
52378,92,2024-08-12,98.59,pending,web
52379,109,2024-04-15,14.52,completed,store
52380,98,2024-04-05,19.05,pending,web
52381,507,2024-12-18,118.48,pending,web
52382,46,2025-08-21,15.28,completed,mobile
52383,,2025-09-04,22.52,cancelled,web
52384,21,2025-06-27,239.63,completed,web
52385,50,2024-06-03,89.63,completed,store
52386,54,2025-05-28,18.36,completed,store
52387,54,2025-02-06,43.24,completed,web
52388,90,2024-06-05,15.75,pending,web
52389,8,2024-10-20,356.18,completed,mobile
52390,57,2025-02-04,65.9,completed,mobile
52391,548,2024-06-20,50.52,completed,web
52392,56,2024-04-30,10.35,refunded,web
52393,107,2025-11-01,61.41,refunded,web
52394,87,2025-06-09,60.17,cancelled,store
52395,80,2025-09-29,31.5,refunded,web
52396,77,2025-01-24,35.47,completed,mobile
52397,114,2024-10-15,26.57,completed,web
52398,31,2024-09-23,30.26,pending,web
52399,48,2024-09-30,38.24,refunded,web
